"StateID","StateName"
"29233","Aakkar"
"30227","Aana"
"10151","Aargau"
"25336","Aberdeen City"
"25335","Aberdeenshire"
"25829","Abia"
"25565","Abkhazia"
"24854","Abra"
"30318","Abseron"
"25152","Abu Zaby"
"25843","Abuja (Fct)"
"30243","Abyan"
"23863","Aceh Sm"
"14847","Achaia"
"30385","Acklins"
"29735","Acquaviva"
"23779","Acre"
"29716","Ad Dakhiliyah"
"30244","Ad Dali"
"25292","Ad Daqahliyah"
"25911","Ad Dawhah"
"25205","Adamaoua"
"25830","Adamawa"
"26147","Adan"
"11024","Adana"
"29168","Adazu Novads"
"25327","Addis Ababa"
"24179","Adiyaman"
"25252","Adrar"
"29652","Adrar"
"23803","Adygeya Respublika"
"29109","Aerodrom"
"28999","Afar"
"23867","Afghanistan"
"786","Afghanistan"
"11026","Afyon"
"29681","Agadez"
"29658","Agalega Islands"
"30319","Agcabedi"
"30320","Agdam"
"30321","Agdas"
"24956","Agio Oros"
"29153","Aglonas Novads"
"28930","Agnebi"
"10809","Agrigento"
"19077","Agrri"
"30322","Agstafa"
"30323","Agsu"
"12590","Aguascalientes"
"12026","Agusan Del Norte"
"24843","Agusan Del Sur"
"30181","Ahal"
"29745","Ahuachapan"
"9562","Aichi"
"30229","Aiga-I-Le-Tai"
"30183","Aileu"
"29600","Ailinglaplap"
"30015","Ailuk"
"29996","Aimeliik"
"28979","Ain Defla"
"25286","Ain-Temouchent"
"30184","Ainaro"
"29997","Airai"
"24959","Aisen Del Gen Ibanez Del Camp"
"14844","Aitolia-Akarnania"
"29701","Aiwo"
"29154","Aizkraukles Novads"
"29155","Aizputes Novads"
"25566","Ajaria"
"25979","Ajdovscina"
"29097","Ajlun"
"25151","Ajman"
"11329","Akershus"
"9433","Akita"
"23957","Aklan"
"29157","Aknistes Novads"
"24180","Aksaray"
"25831","Akwa Ibom"
"25678","Al Ahmadi"
"25616","Al Anbar"
"29098","Al Aqabah"
"25310","Al Awsat"
"30083","Al Bahr Al Ahmar"
"25290","Al Bahr Al Ahmar"
"29101","Al Balqa"
"25618","Al Basrah"
"24969","Al Batah"
"29714","Al Batinah"
"30246","Al Bayda"
"25291","Al Buhayrah"
"29715","Al Buraymi"
"29269","Al Butnan"
"29195","Al Farwaniyah"
"25303","Al Fayyum"
"25154","Al Fujayrah"
"25294","Al Gharbiyah"
"29766","Al Hasakah"
"30251","Al Hudaydah"
"24819","Al Hudud Ash Shamallyah"
"25300","Al Iskandariyah"
"25296","Al Ismailiyah"
"29296","Al Jabal Al Akhdar"
"29298","Al Jabal Al Gharbi"
"25679","Al Jahrah"
"28995","Al Janubi"
"28673","Al Janubiyah"
"30257","Al Jawf"
"24970","Al Jawf"
"30075","Al Jazirah"
"29299","Al Jifarah"
"25295","Al Jizah"
"29300","Al Jufrah"
"29103","Al Karak"
"25915","Al Khartum"
"30060","Al Khawr Wa Adh Dhakhirah"
"29301","Al Kufrah"
"25680","Al Kuwayt"
"26045","Al Ladhiqiyah"
"29104","Al Mafraq"
"30258","Al Mahrah"
"30259","Al Mahwit"
"25180","Al Manamah"
"29302","Al Marj"
"25689","Al Marqab"
"28984","Al Minufiyah"
"28983","Al Minya"
"28674","Al Muharraq"
"29087","Al Muthanna"
"25626","Al Najaf"
"30074","Al Qadarif"
"25289","Al Qahirah"
"25297","Al Qalyubiyah"
"24818","Al Qasim"
"25628","Al Quadisiya"
"30159","Al Qunaytirah"
"25630","Al Sulaymaniah"
"25631","Al Ta'Amim"
"28987","Al Wadi Al Jadid"
"29304","Al Wahat"
"30064","Al Wakrah"
"28675","Al Wusta"
"29719","Al Wusta"
"23905","Al-Madinah"
"25299","Al-Uqsur"
"1","Alabama"
"10118","Alagoas"
"25224","Alajuela"
"24307","Aland Islands"
"24310","Aland Islands"
"2","Alaska"
"11468","Alava"
"23799","Alba"
"24001","Albacete"
"5388","Albania"
"378","Albania"
"12625","Albay"
"55","Alberta"
"10811","Alessandria"
"25265","Alger"
"505","Algeria"
"6798","Algeria"
"28956","Ali Sabieh"
"28652","Alibori"
"11416","Alicante"
"28140","Almaty"
"25653","Almaty Oblysy"
"11452","Almeria"
"29158","Alojas Novads"
"9846","Alsace"
"29160","Alsungas Novads"
"25595","Alta Verapaz"
"24683","Altay Respublika"
"12095","Altayskiy Kray"
"29185","Alto Paraguay"
"25903","Alto Parana"
"25723","Aluksnes Novads"
"25707","Alytaus"
"29183","Amambay"
"23778","Amapa"
"29000","Amara"
"24181","Amasya"
"29162","Amatas Novads"
"24813","Amazonas"
"24920","Amazonas"
"10119","Amazonas"
"24918","Amazonea"
"11571","American Samoa"
"230","American Samoa"
"25649","Amman"
"23820","Ammochostos Magusa"
"24894","Amnat Charoen"
"30260","Amran"
"12632","Amurskaya Oblast'"
"26121","An Giang"
"30081","An Nil"
"30082","An Nil Al Abyad"
"30079","An Nil Al Azraq"
"29305","An Nuqat Al Khams"
"29702","Anabar"
"25832","Anambra"
"11993","Ancash"
"10813","Ancona"
"9992","Andaman And Nicobar Islands"
"9994","Andhra Pradesh"
"26081","Andijon"
"521","Andorra"
"5389","Andorra"
"25150","Andorra La Vella"
"29613","Andrijevica"
"29217","Anenii Noi"
"29703","Anetan"
"24900","Ang Thong"
"29998","Angaur"
"13703","Angola"
"5386","Angola"
"371","Anguilla"
"5387","Anguilla"
"25339","Angus"
"10712","Anhui"
"29704","Anibare"
"29850","Anjouan"
"11027","Ankara"
"25272","Annaba"
"28993","Ansaba"
"30134","Anse Aux Pins"
"30135","Anse Boileau"
"30136","Anse Etoile"
"29329","Anse La Raye"
"30138","Anse Royale"
"11029","Antalya"
"25770","Antananarivo"
"15824","Antarctica"
"5415","Antarctica"
"566","Antigua And Barbuda"
"5416","Antigua And Barbuda"
"11641","Antioquia"
"24840","Antique"
"14343","Antofagasta"
"25340","Antrim"
"25768","Antsiranana"
"11057","Antwerpen"
"11477","Anzoategui"
"8931","Aol"
"20331","Aol"
"9245","Aol"
"23759","Aol"
"5417","Aol"
"23818","Aol"
"23817","Aol"
"23961","Aol"
"23774","Aol"
"9246","Aol"
"20332","Aol"
"23773","Aol"
"23761","Aol"
"9425","Aomori"
"10814","Aosta"
"29965","Apace"
"29992","Apayao"
"29164","Apes Novads"
"10158","Appenzell Ausser-Rhoden"
"10157","Appenzell Inner-Rhoden"
"11488","Apure"
"24921","Apurimac"
"25651","Aqmola Oblysy"
"25652","Aqtobe Oblysy"
"9848","Aquitaine"
"26046","Ar Raqqah"
"30062","Ar Rayyan"
"12208","Ar Riyad"
"29110","Aracinovo"
"12066","Arad"
"28615","Aragacotn"
"11472","Aragua"
"28616","Ararat"
"24917","Arauca"
"11632","Araucania"
"25617","Arbil"
"24908","Ardabll"
"24182","Ardahan"
"25341","Ards"
"11988","Arequipa"
"10815","Arezzo"
"179","Argentina"
"12083","Arges"
"19894","Argolis"
"25337","Argyll And Bute"
"29644","Arhangay"
"29645","Arhangay"
"11705","Arhus"
"29767","Ariana"
"28127","Arica Y Parinacota"
"29786","Arima"
"3","Arizona"
"14846","Arkadia"
"4","Arkansas"
"12091","Arkhangelskaya Oblast"
"25342","Armagh"
"28617","Armavir"
"237","Armenia"
"11570","Armenia"
"30017","Arno"
"28955","Arta"
"19901","Arta"
"29076","Artibonite"
"29914","Artigas"
"24183","Artvin"
"5385","Aruba"
"572","Aruba"
"23842","Arunachal Pradesh"
"26067","Arusha"
"28986","As Sadis Min Uktubar"
"29772","As Suwayda"
"25309","As Suways"
"30094","Ascension"
"10816","Ascoli Piceno"
"26057","Asgabat"
"30061","Ash Shamal"
"28676","Ash Shamaliyah"
"30080","Ash Shamaliyah"
"25156","Ash Shariqah"
"25307","Ash Sharqiyah"
"29718","Ash Sharqiyah"
"12205","Ash Sharqlyah"
"25574","Ashanti"
"4242","Asia (Unknown Country)"
"24971","Asir"
"23816","Asmara"
"29649","Assaba"
"9997","Assam"
"28141","Astana"
"30324","Astara"
"10817","Asti"
"12092","Astrakhanskaya Oblast'"
"11432","Asturias"
"29188","Asuncion"
"25301","Aswan"
"25302","Asyut"
"29099","At Tafilah"
"24816","Atacama"
"28653","Atakora"
"11637","Atlantico"
"29687","Atlantico Norte"
"29688","Atlantico Sur"
"25606","Atlantida"
"28654","Atlantique"
"29201","Attapu"
"29395","Attard"
"12522","Attiki"
"30230","Atua"
"25654","Atyrau Oblysy"
"30137","Au Cap"
"29167","Auces Novads"
"25041","Auckland"
"30018","Aur"
"24855","Aurora"
"11328","Aust-Agder"
"203","Australia"
"809","Australian Capital Territory"
"28385","Australian Capital Territory"
"73","Austria"
"25640","Austurland"
"9855","Auvergne"
"12054","Aveiro"
"10818","Avellino"
"24002","Avila"
"29722","Awdal"
"11989","Ayacucho"
"11030","Aydin"
"25796","Ayeyarwady"
"30065","Az Zaayin"
"29720","Az Zahirah"
"29100","Az Zarqa"
"29307","Az Zawiyah"
"29746","Azad Kashmir"
"11857","Azarbaijan-E Sharqi"
"23787","Azarbayjan-E-Gharbi"
"215","Azerbaijan"
"5549","Azerbaijan"
"11725","Azuay"
"26120","Ba Ria-Vung Tau"
"29237","Baalbek-Hermel"
"28145","Baat Dambang"
"30325","Babek"
"25619","Babil"
"29169","Babites Novads"
"26128","Bac Giang"
"30228","Bac Kan"
"26129","Bac Lieu"
"26130","Bac Ninh"
"12067","Bacau"
"11771","Bacs-Kiskun"
"24016","Badajoz"
"25137","Badakhshan"
"719","Baden-Wurttemberg"
"28559","Badghis"
"29029","Bafata"
"28931","Bafing"
"25620","Baghdad"
"28560","Baghlan"
"25870","Bagmati"
"25792","Bago"
"14319","Bahamas"
"10120","Bahia"
"30272","Bahoruco"
"30161","Bahr El Gazel"
"504","Bahrain"
"11605","Bahrain"
"30139","Baie Lazare"
"30140","Baie Sainte Anne"
"29705","Baiti"
"9703","Baja California"
"12681","Baja California Sur"
"29043","Baja Verapaz"
"30292","Baker Island"
"25163","Baki"
"29723","Bakool"
"30326","Balaken"
"29172","Baldones Novads"
"11798","Bali"
"11031","Balikesir"
"26054","Balkan"
"25136","Balkh"
"25354","Ballymena"
"28406","Ballymoney"
"25875","Balochisan"
"25757","Balti"
"29175","Baltinavas Novads"
"25724","Balvu Novads"
"29398","Balzan"
"25693","Balzers"
"25787","Bamako"
"28901","Bamingui-Bangoran"
"28561","Bamyan"
"25935","Banaadir"
"25356","Banbridge"
"28933","Bandundu"
"25688","Banghazi"
"28133","Bangka Belitung"
"11593","Bangladesh"
"2704","Bangladesh"
"25201","Bangui"
"28980","Bani Suwayf"
"25586","Banjul"
"25968","Banskobystricky Kraj"
"28144","Banteay Mean Chey"
"28134","Banten"
"25800","Bar"
"30281","Barahona"
"11784","Baranya"
"6146","Barbados"
"567","Barbados"
"28627","Barbuda"
"11419","Barcelona"
"10820","Bari"
"25936","Bari"
"29056","Barima-Waini"
"11470","Barinas"
"28672","Barisal"
"25346","Barking And Dagenham"
"25115","Barletta-Andria-Trani"
"28402","Barnet"
"25358","Barnsley"
"24177","Bartin"
"25215","Bas-Congo"
"28923","Bas-Sassandra"
"29223","Basarabeasca"
"10162","Basel-Landschaft"
"10163","Basel-Stadt"
"12142","Bashkortostan Respublika"
"24846","Basilan"
"25701","Basnahira Palata"
"28902","Basse-Kotto"
"9961","Basse-Normandie"
"24289","Bataan"
"20080","Batanes"
"12025","Batangas"
"25343","Bath And North East Somerset"
"30160","Batha"
"29108","Batken"
"24184","Batman"
"25255","Batna"
"25663","Batys Qazaqstan Oblysy"
"30185","Baucau"
"25833","Bauchi"
"29178","Bauskas Novads"
"29724","Bay"
"25042","Bay Of Plenty"
"29643","Bayan-Olgiy"
"29642","Bayanhongor"
"24185","Bayburt"
"25836","Bayelsa"
"10436","Bayern"
"29660","Beau Bassin-Rose Hill"
"30141","Beau Vallon"
"25258","Bechar"
"25345","Bedfordshire"
"10664","Beijing"
"25684","Beirut"
"29751","Beja"
"23808","Beja"
"25256","Bejaia"
"19938","Bekes"
"28331","Bekescsaba"
"30142","Bel Air"
"30143","Bel Ombre"
"25194","Belait"
"11609","Belarus"
"290","Belarus"
"25349","Belfast"
"219","Belgium"
"12096","Belgorod"
"25940","Belgrade"
"801","Belize"
"6114","Belize"
"25188","Belize"
"10822","Belluno"
"29753","Beltinci"
"29770","Ben Arous"
"26125","Ben Tre"
"29917","Benedikt"
"10823","Benevento"
"23911","Bengkulu"
"28587","Bengo"
"25142","Benguela"
"12024","Benguet"
"2424","Benin"
"11591","Benin"
"29001","Benshangul-Gumaz"
"25834","Benue"
"29239","Beqaa"
"29614","Berane"
"28602","Berat"
"30327","Berde"
"29370","Berea"
"10824","Bergamo"
"10383","Berlin"
"357","Bermuda"
"6116","Bermuda"
"10159","Bern"
"29111","Berovo"
"30386","Berry Islands"
"25906","Bethlehem"
"29189","Beverinas Novads"
"25348","Bexley"
"30328","Beyleqan"
"29565","Bheri"
"11616","Bhutan"
"491","Bhutan"
"28588","Bie"
"10825","Biella"
"9998","Bihar"
"12081","Bihor"
"25801","Bijelo Polje"
"24186","Bilecik"
"30329","Bilesuvar"
"29993","Biliran"
"24925","Bimini"
"24187","Bingol"
"26112","Binh Dinh"
"26131","Binh Duong"
"30232","Binh Phuoc"
"26119","Binh Thuan"
"11619","Bio-Bio"
"29030","Biombo"
"29401","Birgu"
"29403","Birkirkara"
"25352","Birmingham"
"29406","Birzebbuga"
"28143","Bishkek"
"25257","Biskra"
"25587","Bissau"
"29918","Bistrica Ob Sotli"
"15558","Bistrita-Nasaud"
"24188","Bitlis"
"25774","Bitola"
"29752","Bizerte"
"24701","Bjelovarsko-Bilogorska"
"30387","Black Point"
"29659","Black River"
"25344","Blackburn With Darwen"
"25360","Blackpool"
"25351","Blaenau Gwent"
"28283","Blagoevgrad"
"29756","Bled"
"11386","Blekinge Lan"
"25259","Blida"
"29919","Bloke"
"29689","Boaco"
"30186","Bobonaro"
"25888","Bocas Del Toro"
"29706","Boe"
"29132","Bogdanci"
"29176","Bogovinje"
"25980","Bohinj"
"24826","Bohol"
"29021","Boke"
"29202","Bokeo"
"29031","Bolama"
"29204","Bolikhamxai"
"20242","Bolivar"
"24763","Bolivar"
"11640","Bolivar"
"177","Bolivia"
"1316","Bologna"
"25359","Bolton"
"19079","Bolu"
"10826","Bolzano"
"29242","Bomi"
"25171","Bonaire"
"25130","Bonaire/Sint Eustatius/Saba"
"25129","Bonaire/Sint Eustatius/Saba"
"29244","Bong"
"29186","Boqueron"
"25281","Bordj-Bou-Arreridj"
"29742","Borgo Maggiore"
"25168","Borgou"
"30162","Borkou"
"29408","Bormla"
"14697","Bornholm"
"25835","Borno"
"29758","Borovnica"
"25953","Borski Okrug"
"11781","Borsod-Abauj-Zemplen"
"29236","Bosilovo"
"355","Bosnia And Herzegowina"
"12069","Botosani"
"11617","Botswana"
"495","Botswana"
"28661","Boucle Du Mouhoun"
"28943","Bouenza"
"25260","Bouira"
"28973","Boumerdes"
"9857","Bourgogne"
"25355","Bournemouth"
"23752","Bouvet Island"
"6151","Bouvet Island"
"29759","Bovec"
"24910","Boyaca"
"11081","Brabant Wallon"
"25361","Bracknell Forest"
"25362","Bradford"
"15518","Braga"
"15521","Braganca"
"12070","Braila"
"25815","Brakna"
"10385","Brandenburg"
"25950","Branicevski Okrug"
"29920","Braslovce"
"12071","Brasov"
"25969","Bratislavsky Kraj"
"465","Brazil"
"25221","Brazzaville"
"28311","Brcko Distrikt"
"29760","Brda"
"10477","Bremen"
"25347","Brent"
"10828","Brescia"
"25181","Brestskaja Oblast'"
"9862","Bretagne"
"25981","Brezice"
"29761","Brezovica"
"29221","Briceni"
"25350","Bridgend"
"25357","Brighton And Hove"
"10829","Brindisi"
"25364","Bristol"
"56","British Columbia"
"5075","British Indian Ocean Territory"
"10378","British Indian Ocean Territory"
"8960","British Virgin Islands"
"792","British Virgin Islands"
"29194","Brocenu Novads"
"24965","Brodsko-Posavska"
"30125","Brokopondo"
"25363","Bromley"
"25575","Brong-Ahafo"
"11614","Brunei Darussalam"
"485","Brunei Darussalam"
"25195","Brunei Muara"
"12292","Brussels"
"28295","Bruxelles-Capitale"
"29243","Brvenica"
"12099","Bryanskaya Oblast'"
"29707","Buada"
"23804","Buahahr"
"28636","Bubanza"
"12072","Bucaresti"
"25353","Buckinghamshire"
"11773","Budapest"
"25802","Budva"
"9788","Buenos Aires"
"25167","Bujumbura Mairie"
"28637","Bujumbura Rural"
"24834","Bukidnon"
"12048","Bulacan"
"26153","Bulawayo"
"29641","Bulgan"
"216","Bulgaria"
"28887","Bumthang"
"25305","Bur Said"
"24189","Burdur"
"15826","Burgas"
"11578","Burgenland"
"24000","Burgos"
"24867","Buri Ram"
"11592","Burkina Faso"
"577","Burkina Faso"
"11032","Bursa"
"29198","Burtnieku Novads"
"23766","Burundi"
"23868","Burundi"
"28638","Bururi"
"25365","Bury"
"12190","Buryatiya Respublika"
"25026","Busan Gwangyeogsi"
"18631","Buskerud"
"29245","Butel"
"29366","Butha-Buthe"
"26082","Buxoro"
"12074","Buzau"
"26132","Ca Mau"
"29173","Caaguazu"
"29174","Caazapa"
"29748","Cabanas"
"28589","Cabinda"
"29559","Cabo Delgado"
"24015","Caceres"
"29032","Cacheu"
"11415","Cadiz"
"25367","Caerphilly"
"15457","Cagayan"
"10830","Cagliari"
"25759","Cahul"
"29447","Cair"
"11990","Cajamarca"
"15561","Calarasi"
"25760","Calarasi"
"6435","Caldas"
"25375","Calderdale"
"5","California"
"10831","Caltanissetta"
"25236","Camaguey"
"24836","Camarines Norte"
"20081","Camarines Sur"
"557","Cambodia"
"23833","Cambodia"
"25366","Cambridgeshire"
"25379","Camden"
"2365","Cameroon"
"11636","Cameroon"
"24851","Camiguin"
"9710","Campeche"
"10832","Campobasso"
"26139","Can Tho"
"74","Canada"
"19084","Canakkale"
"24936","Canar"
"29960","Canelones"
"28609","Canillo"
"25905","Canindeyu"
"24190","Cankiri"
"29921","Cankova"
"28639","Cankuzo"
"11460","Cantabria"
"29231","Cantemir"
"25043","Canterbury"
"30048","Cao Bang"
"23827","Cape Verde"
"2664","Cape Verde"
"12283","Capital Federal"
"30098","Capital Territory (Honiara)"
"24824","Capiz"
"29675","Caprivi"
"24914","Caqueta"
"23811","Cara'-Severin"
"11486","Carabobo"
"29690","Carazo"
"25107","Carbonia-Iglesias"
"24941","Carchi"
"25383","Cardiff"
"29661","Cargados Carajos Shoals"
"11820","Carlow"
"25380","Carmarthenshire"
"29199","Carnikavas Novads"
"25373","Carrickfergus"
"25225","Cartago"
"24316","Casanare"
"30144","Cascade"
"28662","Cascades"
"10833","Caserta"
"29448","Caska"
"24014","Castellon"
"15522","Castelo Branco"
"28407","Castlereagh"
"30388","Cat Island"
"9818","Catamarca"
"15458","Catanduanes"
"10834","Catania"
"10835","Catanzaro"
"24911","Cauca"
"29230","Causeni"
"11843","Cavan"
"12023","Cavite"
"358","Cayman Islands"
"6459","Cayman Islands"
"28864","Cayo"
"10121","Ceara"
"30330","Cebrayil"
"12029","Cebu"
"30332","Celilabab"
"25982","Celje"
"29445","Centar"
"29446","Centar Zupa"
"29130","Central"
"25329","Central"
"26149","Central"
"29593","Central"
"25576","Central"
"25904","Central"
"26077","Central"
"25925","Central"
"25197","Central"
"25666","Central"
"30096","Central"
"28390","Central Abaco"
"6153","Central African Republic"
"2621","Central African Republic"
"30389","Central Andros"
"25368","Central Bedfordshire"
"28391","Central Eleuthera"
"25914","Central Equatoria"
"28324","Central Finland"
"28323","Central Ostrobothnia"
"25818","Central Region"
"29025","Central River"
"9866","Centre"
"25206","Centre"
"25172","Centre"
"29077","Centre"
"30176","Centre"
"28663","Centre-Est"
"28664","Centre-Nord"
"28665","Centre-Ouest"
"28666","Centre-Sud"
"25369","Ceredigion"
"29763","Cerklje Na Gorenjskem"
"29764","Cerknica"
"29765","Cerkno"
"29922","Cerkvenjak"
"29962","Cerro Largo"
"24912","Cesar"
"29449","Cesinovo-Oblesevo"
"25725","Cesu Novads"
"29200","Cesvaines Novads"
"29615","Cetinje"
"23757","Ceuta"
"15586","Chachoengsao"
"9815","Chaco"
"23834","Chad"
"509","Chad"
"25896","Chagang-Do"
"29788","Chaguanas"
"23788","Chahar Mahall Va Bakhtlari"
"24891","Chai Nat"
"24885","Chaiyaphum"
"30109","Chalatenango"
"19908","Chalkidiki"
"9870","Champagne-Ardenne"
"29205","Champasak"
"24520","Chandigarh"
"24444","Changhua"
"14881","Chania"
"24904","Chanthaburi"
"25751","Chaouia-Ouardigh"
"30163","Chari-Baguirmi"
"30026","Charlotte"
"25096","Chatham Islands Territory"
"23880","Chavashskaya Respublika"
"23909","Chechenskaya Respublika"
"12100","Chelyabinskaya Oblast'"
"12654","Cherkas'Ka Oblast'"
"12655","Chernihivs'Ka Oblast'"
"23754","Chernivets'Ka Oblast'"
"25371","Cheshire East"
"25372","Cheshire West And Chester"
"28058","Chhattisgarh"
"28878","Chhukha"
"12225","Chiang Mai"
"15589","Chiang Rai"
"9717","Chiapas"
"15596","Chiayi"
"9476","Chiba"
"29736","Chiesanuova"
"10839","Chieti"
"9712","Chihuahua"
"373","Chile"
"29044","Chimaltenango"
"24934","Chimborazo"
"29129","Chimbu"
"388","China"
"29691","Chinandega"
"11752","Chios"
"29045","Chiquimula"
"25882","Chiriqui"
"25761","Chisinau"
"12103","Chitinskaya Oblast'"
"25174","Chittagong"
"25253","Chlef"
"24916","Choco"
"30097","Choiseul"
"29331","Choiseul"
"29064","Choluteca"
"12226","Chon Buri"
"10789","Chongqing"
"25867","Chontales"
"25190","Christ Church"
"30302","Christmas Island"
"182","Christmas Island"
"9834","Chubut"
"15570","Chukotskiy Avtonomnyy Okrug"
"24886","Chumphon"
"25034","Chungcheongbugdo"
"25035","Chungcheongnamdo"
"24928","Chuquisaca"
"29010","Chuuk"
"25671","Chuy Province"
"28640","Cibitoke"
"29203","Ciblas Novads"
"25235","Ciego De Avila"
"28951","Cienfuegos"
"29224","Cimislia"
"29966","Cirkulane"
"25233","Ciudad De La Habana"
"24013","Ciudad Real"
"25376","Clackmannanshire"
"19974","Clare"
"29096","Clarendon"
"12075","Cluj"
"9719","Coahuila"
"25667","Coast"
"29888","Coast"
"11610","Cochabamba"
"25880","Cocle"
"186","Cocos (Keeling) Islands"
"24815","Cojedes"
"25377","Coleraine"
"12594","Colima"
"28655","Collines"
"12056","Colmbra"
"178","Colombia"
"25881","Colon"
"29065","Colon"
"29967","Colonia"
"6","Colorado"
"25607","Comayagua"
"30126","Commewijne"
"10842","Como"
"181","Comoros"
"28306","Compostela Valley"
"25581","Conakry"
"12076","Conatarta"
"29161","Concepcion"
"14323","Congo"
"15837","Congo"
"14646","Congo - The Democratic Rep Of"
"5074","Congo - The Democratic Rep Of"
"7","Connecticut"
"25274","Constantine"
"25385","Conwy"
"24791","Cook Islands"
"562","Cook Islands"
"25374","Cookstown"
"29066","Copan"
"26151","Copperbelt"
"11622","Coquimbo"
"29170","Cordillera"
"9839","Cordoba"
"23889","Cordoba"
"23994","Cordoba"
"28393","Cork"
"11824","Cork"
"25381","Cornwall"
"30127","Coronie"
"25189","Corozal"
"9838","Corrientes"
"9874","Corse"
"25608","Cortes"
"24191","Corum"
"10843","Cosenza"
"803","Costa Rica"
"529","Costa Rica"
"506","Cote D Ivoire"
"6432","Cote D Ivoire"
"24937","Cotopaxi"
"29790","Couva-Tabaquite-Talparo"
"30187","Cova Lima"
"23800","Covasna"
"25382","Coventry"
"25370","Craigavon"
"10844","Cremona"
"29768","Crensovci"
"29226","Criuleni"
"25983","Crna Na Koroskem"
"25984","Crnomelj"
"248","Croatia (Local Name - Hrvatska)"
"30390","Crooked Island And Long Cay"
"25837","Cross River"
"10845","Crotone"
"25384","Croydon"
"11785","Csongrad"
"28590","Cuando-Cubango"
"28591","Cuanza Norte"
"25143","Cuanza Sul"
"575","Cuba"
"11654","Cuba"
"29450","Cucer-Sandevo"
"24012","Cuenca"
"30333","Culfa"
"25378","Cumbria"
"19762","Cundimarca"
"28592","Cunene"
"10810","Cuneo"
"25127","Curacao"
"25128","Curacao"
"29662","Curepipe"
"30108","Cuscatlan"
"28941","Cuvette"
"28947","Cuvette-Ouest"
"29057","Cuyuni-Mazaruni"
"11995","Cuzco"
"229","Cyprus"
"221","Czech Republic"
"26140","Da Nang"
"26114","Dac Lac"
"24802","Dadra And Nagar Haveli"
"25027","Daegu Gwangyeogsi"
"25030","Daejeon Gwangyeogsi"
"28882","Dagana"
"29207","Dagdas Novads"
"12133","Dagestan Respublika"
"25621","Dahouk"
"29862","Dajabon"
"30241","Dak Nong"
"25918","Dakar"
"29653","Dakhlet Nouadhibou"
"25703","Dakunu Palata"
"19044","Dalarnas Lan"
"24799","Daman And Diu"
"23797","Dambovita"
"29616","Danilovgrad"
"26068","Dar-Es-Salaam"
"30158","Dara"
"29625","Darhan Uul"
"25883","Darien"
"25386","Darlington"
"29311","Darnah"
"30334","Daskesen"
"26055","Dasoguz"
"25736","Daugavpils"
"29209","Daugavpils Novads"
"29333","Dauphin"
"12032","Davao"
"20084","Davao Del Sur"
"24830","Davao Oriental"
"28562","Daykundi"
"26040","Dayr Az Zawr"
"29126","Debar"
"29270","Debarca"
"28332","Debrecen"
"30049","Deir El Balah"
"8","Delaware"
"25776","Delcevo"
"9999","Delhi"
"25838","Delta"
"24814","Delta Amacuro"
"25604","Demerara-Mahaica"
"29143","Demir Hisar"
"29271","Demir Kapija"
"25388","Denbighshire"
"28924","Denguele"
"29708","Denigomodu"
"24192","Denizli"
"82","Denmark"
"29334","Dennery"
"24973","Dependencias Federales"
"25389","Derby"
"25387","Derbyshire"
"25396","Derry"
"29771","Destrnik"
"28399","Devon"
"25622","Deyala"
"25175","Dhaka"
"30261","Dhamar"
"29566","Dhawalagiri"
"28608","Diber"
"29800","Diego Martin"
"25719","Diekirch"
"26138","Dien Bien"
"29682","Diffa"
"28957","Dikhil"
"26058","Dili"
"26039","Dimashq"
"29994","Dinagat Islands"
"29410","Dingli"
"25917","Diourbel"
"28998","Dire Dawa"
"9","District Of Columbia"
"11638","Distrito Capital"
"737","Distrito Federal"
"11473","Distrito Federal"
"28394","Distrito Federal"
"10122","Distrito Federal"
"30280","Distrito Nacional"
"29773","Divaca"
"28920","Dix-Huit Montagnes"
"11033","Diyarbakir"
"25266","Djelfa"
"25242","Djibouti"
"23832","Djibouti"
"507","Djibouti"
"12649","Dnipropetrovs'Ka Oblast'"
"25726","Dobeles Novads"
"29923","Dobje"
"29777","Dobrepolje"
"28288","Dobrich"
"29924","Dobrna"
"29778","Dobrova-Polhov Gradec"
"29925","Dobrovnik/Dobronak"
"12521","Dodekanisos"
"26069","Dodoma"
"29275","Dojran"
"29780","Dol Pri Ljubljani"
"29926","Dolenjske Toplice"
"12077","Dolj"
"29280","Dolneni"
"14360","Dolnoslaskie"
"29737","Domagnano"
"6774","Dominica"
"574","Dominica"
"11723","Dominican Republic"
"569","Dominican Republic"
"25985","Domzale"
"25392","Doncaster"
"29232","Donduseni"
"11825","Donegal"
"12245","Donets'Ka Oblast'"
"26118","Dong Nai"
"26122","Dong Thap"
"28656","Donga"
"29789","Dornava"
"29637","Dornod"
"29638","Dornogovi"
"25394","Dorset"
"29683","Dosso"
"25752","Doukkala-Abda"
"25395","Down"
"14862","Drama"
"25986","Dravograd"
"10949","Drenthe"
"25762","Drochia"
"29283","Drugovo"
"29869","Duarte"
"29234","Dubasari"
"25153","Dubayy"
"19982","Dublin"
"14887","Dubrovacko-Neretvanska"
"25397","Dudley"
"25391","Dumfries And Galloway"
"25293","Dumyat"
"28333","Dunaujvaros"
"29210","Dundagas Novads"
"25393","Dundee City"
"29636","Dundgovi"
"25390","Dungannon And South Tyrone"
"29797","Duplek"
"9724","Durango"
"29970","Durazno"
"29219","Durbes Novads"
"25398","Durham"
"25145","Durres"
"28170","Duzce"
"29635","Dzavhan"
"25399","Ealing"
"25400","East Ayrshire"
"29058","East Berbice-Corentyne"
"25402","East Dunbartonshire"
"30391","East Grand Bahama"
"25403","East Lothian"
"29133","East New Britain"
"25406","East Renfrewshire"
"25407","East Riding Of Yorkshire"
"29134","East Sepik"
"25409","East Sussex"
"30105","Eastern"
"25577","Eastern"
"25668","Eastern"
"29007","Eastern"
"29901","Eastern"
"30247","Eastern"
"11503","Eastern Cape"
"30116","Eastern Equatoria"
"29131","Eastern Highlands"
"24839","Eastern Samar"
"30199","Eastern Tobago"
"30020","Ebon"
"25839","Ebonyi"
"528","Ecuador"
"25401","Edinburgh"
"29235","Edinet"
"23964","Edirne"
"25840","Edo"
"28334","Eger"
"185","Egypt"
"11731","Egypt"
"9633","Ehime"
"25404","Eilean Siar"
"25841","Ekiti"
"24927","El Beni"
"11991","El Callao"
"23841","El Oro"
"28976","El Oued"
"25609","El Paraiso"
"29047","El Progreso"
"497","El Salvador"
"12212","El Salvador"
"29885","El Seybo"
"28974","El Tarf"
"25280","El-Bayadh"
"11034","Elazig"
"25146","Elbasan"
"29987","Embera"
"28610","Encamp"
"30021","Enewetak"
"25405","Enfield"
"29135","Enga"
"10198","England"
"26036","English River"
"29222","Engures Novads"
"10847","Enna"
"30164","Ennedi"
"9812","Entre Rios"
"25842","Enugu"
"28934","Equateur"
"24318","Equatorial Guinea"
"2364","Equatorial Guinea"
"29085","Erd"
"29272","Erglu Novads"
"21105","Eritrea"
"30188","Ermera"
"25820","Erongo"
"23839","Erzincan"
"11035","Erzurum"
"28614","Escaldes-Engordany"
"25694","Eschen"
"25596","Escuintla"
"11848","Esfahan"
"11036","Eskisehir"
"24765","Esmeraldas"
"25244","Espaillat"
"10123","Espirito Santo"
"29059","Essequibo Islands-West Demera"
"25408","Essex"
"25208","Est"
"30066","Est"
"28667","Est"
"29692","Esteli"
"6878","Estonia"
"218","Estonia"
"25332","Estuaire"
"11309","Etela-Suomen Laani"
"601","Ethiopia"
"11741","Ethiopia"
"30195","Eua"
"4241","Europe (Unknown Country)"
"15524","Evora"
"19909","Evros"
"24957","Evrytania"
"15856","Evvoia"
"29709","Ewa"
"25207","Extreme-Nord"
"30392","Exuma"
"30231","Faasaleleaga"
"29738","Faetano"
"29739","Faetano"
"11475","Falcon"
"29238","Falesti"
"25410","Falkirk"
"2761","Falkland Islands (Malvinas)"
"30303","Falkland Islands (Malvinas)"
"28563","Farah"
"25582","Faranah"
"26083","Fargona"
"12057","Faro"
"15855","Faroe Islands"
"239","Faroe Islands"
"11856","Fars"
"28564","Faryab"
"30085","Fatick"
"29747","Fed Administered Tribal Areas"
"6108","Federacija Bosna I Hercegovina"
"19947","Fejer"
"25411","Fermanagh"
"25108","Fermo"
"10836","Ferrara"
"29409","Fes-Boulemane"
"29413","Fgura"
"29208","Fianarantsoa"
"28603","Fier"
"25412","Fife"
"544","Fiji"
"11742","Fiji"
"235","Finland"
"28329","Finland Proper"
"18824","Finnmark"
"29740","Fiorentino"
"10849","Firenze"
"29663","Flacq"
"10944","Flevoland"
"25413","Flintshire"
"29973","Flores"
"29241","Floresti"
"29415","Floriana"
"10","Florida"
"29985","Florida"
"23764","Florina"
"10850","Foggia"
"15857","Fokis"
"29417","Fontana"
"29436","Fontvieille"
"10838","Forli"
"25109","Forli-Cesena"
"23872","Formosa"
"72","France"
"9876","Franche-Comte"
"25610","Francisco Morazan"
"14829","Fredericksberg"
"11712","Frederiksborg"
"11497","Free State"
"11606","Freeport"
"582","French Guiana"
"12772","French Guiana"
"525","French Polynesia"
"8583","French Polynesia"
"5040","French Southern Territories"
"30304","French Southern Territories"
"10164","Fribourg"
"10981","Friesland"
"28932","Fromager"
"10812","Frosinone"
"14845","Fthiotis"
"10717","Fujian"
"9538","Fukui"
"9636","Fukuoka"
"9437","Fukushima"
"26066","Funafuti"
"30335","Fuzuli"
"11717","Fyn"
"26065","Gabes"
"591","Gabon"
"11744","Gabon"
"28287","Gabrovo"
"29033","Gabu"
"29755","Gafsa"
"30233","Gagaemauga"
"30234","Gagaifomauga"
"28164","Gagauzia"
"24311","Galapagos"
"12079","Galati"
"29725","Galguduud"
"11821","Galway"
"29002","Gambela Peoples"
"4031","Gambia"
"11751","Gambia"
"25695","Gamprin"
"25871","Gandaki"
"25033","Gang Weondo"
"10801","Gansu"
"29607","Gao"
"29273","Garkalnes Novads"
"28894","Gasa"
"25414","Gateshead"
"11493","Gauteng"
"28354","Gauteng"
"11367","Gavleborge Lan"
"29560","Gaza"
"25907","Gaza"
"29265","Gazi Baba"
"11037","Gaziantep"
"29246","Gbarpolu"
"30336","Gedebey"
"29726","Gedo"
"28618","Gegark Unik"
"10947","Gelderland"
"25164","Gence"
"10165","Geneve"
"10853","Genova"
"241","Georgia"
"11","Georgia"
"11746","Georgia"
"70","Germany"
"23993","Gerona"
"25775","Gevgelija"
"29425","Ghajnsielem"
"11749","Ghana"
"364","Ghana"
"28896","Ghanzi"
"29429","Gharb"
"30073","Gharb Darfur"
"25745","Gharb-Chrarda-Beni Hssen"
"25287","Ghardaia"
"29435","Gharghur"
"29437","Ghasri"
"29313","Ghat"
"29438","Ghaxaq"
"28565","Ghazni"
"28566","Ghor"
"30211","Gia Lai"
"7287","Gibraltar"
"347","Gibraltar"
"9546","Gifu"
"23792","Gilan"
"30435","Gilbert Islands"
"29744","Gilgit-Baltistan"
"24193","Giresun"
"28397","Girona"
"25044","Gisborne"
"28641","Gitega"
"15563","Giurqiu"
"28604","Gjirokaster"
"29287","Gjorce Petrov"
"30145","Glacis"
"10168","Glarus"
"25415","Glasgow City"
"29254","Glodeni"
"25416","Gloucestershire"
"23819","Goa"
"10124","Goias"
"28300","Golestan"
"25844","Gombe"
"25183","Gomel'skaja Oblast'"
"30337","Goranboy"
"27297","Gorenja Vas-Poljane"
"29650","Gorgol"
"29799","Gorisnica"
"10854","Gorizia"
"23813","Gorj"
"29980","Gorje"
"25987","Gornja Radgona"
"29801","Gornji Grad"
"29808","Gornji Petrovci"
"30179","Gorno-Badakhshan"
"28135","Gorontalo"
"29112","Gostivar"
"12690","Gotland"
"24926","Governor's Harbour"
"29640","Govi-Altay"
"29639","Govi-Sumber"
"30338","Goycay"
"30339","Goygol"
"29067","Gracias A Dios"
"29927","Grad"
"28132","Grad Zagreb"
"29191","Gradsko"
"23997","Granada"
"25868","Granada"
"30146","Grand Anse Mahe"
"30147","Grand Anse Praslin"
"29247","Grand Bassa"
"29248","Grand Cape Mount"
"25750","Grand Casablanca"
"30393","Grand Cay"
"29250","Grand Gedeh"
"29251","Grand Kru"
"29664","Grand Port"
"23829","Grande Comore Ngazidja"
"29078","Grande-Anse"
"25238","Granma"
"10169","Graubunden"
"25573","Greater Accra"
"209","Greece"
"7302","Greenland"
"523","Greenland"
"25417","Greenwich"
"7301","Grenada"
"23768","Grenada"
"30043","Grenadines"
"23762","Grevena"
"25720","Grevenmacher"
"28915","Gribingui"
"29276","Grobinas Novads"
"25184","Grodnenskaja Oblast'"
"10950","Groningen"
"29336","Gros Islet"
"10856","Grosseto"
"29809","Grosuplje"
"24011","Guadalajara"
"25928","Guadalcanal"
"12776","Guadeloupe"
"592","Guadeloupe"
"24960","Guainia"
"29171","Guaira"
"568","Guam"
"7305","Guam"
"25226","Guanacaste"
"9728","Guanajuato"
"10770","Guangdong"
"10784","Guangxi"
"25240","Guantanamo"
"15527","Guarda"
"11481","Guarico"
"7303","Guatemala"
"496","Guatemala"
"25597","Guatemala"
"24961","Guaviare"
"11726","Guayas"
"29419","Gudja"
"25273","Guelma"
"29428","Guelmim-Es Smara"
"29781","Guera"
"24306","Guernsey"
"24305","Guernsey"
"9726","Guerrero"
"29655","Guidimaka"
"29995","Guimaras"
"781","Guinea"
"11750","Guinea"
"23751","Guinea-Bissau"
"2437","Guinea-Bissau"
"11458","Guipuzcoa"
"12391","Guizhou"
"10002","Gujarat"
"25727","Gulbenes Novads"
"29137","Gulf"
"24194","Gumushane"
"9454","Gunma"
"28988","Guria"
"590","Guyana"
"11761","Guyana"
"25029","Gwangju Gwangyeogsi"
"25418","Gwynedd"
"25032","Gyeonggldo"
"25038","Gyeongsangbugdo"
"25039","Gyeongsangnamdo"
"28335","Gyor"
"19948","Gyor-Moson-Sopron"
"29422","Gzira"
"30045","Ha Giang"
"30237","Ha Nam"
"26141","Ha Noi"
"26106","Ha Tinh"
"24820","Ha'Il"
"28879","Haa"
"30196","Haapai"
"30340","Haciqabul"
"28403","Hackney"
"11864","Hadarom"
"29779","Hadjer Lamis"
"30262","Hadramawt"
"26133","Hai Duong"
"26142","Hai Phong"
"10788","Hainan"
"11062","Hainaut"
"11770","Haiti"
"802","Haiti"
"29928","Hajdina"
"11774","Hajdu-Bihar"
"30263","Hajjah"
"24195","Hakkari"
"26042","Halab"
"18969","Hallands Lan"
"25419","Halton"
"11849","Hamadan"
"26043","Hamah"
"10502","Hamburg"
"11881","Hamerkaz"
"25901","Hamgyong-Bukto"
"25900","Hamgyong-Namdo"
"25425","Hammersmith And Fulham"
"25420","Hampshire"
"29439","Hamrun"
"29093","Hanover"
"26154","Harare"
"29003","Harari People"
"24924","Harbour Island"
"29676","Hardap"
"23814","Harghita"
"25430","Haringey"
"25311","Harjumaa"
"25429","Harrow"
"25427","Hartlepool"
"10008","Haryana"
"28188","Haskovo"
"11597","Haskovo"
"11028","Hatay"
"29911","Hato Mayor"
"29999","Hatohobei"
"30242","Hau Giang"
"28904","Haut-Mbomou"
"29013","Haut-Ogooue"
"25203","Haut-Sassandra"
"28903","Haute-Kotto"
"9964","Haute-Normandie"
"28905","Haute-Sangha"
"25173","Hauts-Bassins"
"25421","Havering"
"12","Hawaii"
"29196","Hawalli"
"25045","Hawkes Bay"
"11872","Hazafon"
"5020","Heard And Mc Donald Islands"
"10667","Hebei"
"25908","Hebron"
"11337","Hedmark"
"3687","Hefa"
"10692","Heilongjiang"
"28567","Helmand"
"10741","Henan"
"29626","Hentiy"
"25138","Herat"
"25803","Herceg Novi"
"25227","Heredia"
"25422","Herefordshire"
"25884","Herrera"
"25428","Hertfordshire"
"10478","Hessen"
"11775","Heves"
"26031","Hhohho"
"9735","Hidalgo"
"25424","Highland"
"25312","Hiiumaa"
"25423","Hillingdon"
"24787","Himachal Pradesh"
"26041","Hims"
"29259","Hincesti"
"29727","Hiran"
"9620","Hiroshima"
"26143","Ho Chi Minh"
"26101","Hoa Binh"
"29929","Hoce-Slivnica"
"29647","Hodh Ech Chargui"
"29648","Hodh El Gharbi"
"28336","Hodmezovasarhely"
"29930","Hodos"
"25634","Hofudborgarsvaedi"
"9414","Hokkaido"
"25237","Holguin"
"8935","Holy See (Vatican City State)"
"246","Holy See (Vatican City State)"
"381","Honduras"
"11762","Honduras"
"7310","Hong Kong"
"389","Hong Kong"
"30394","Hope Town"
"25182","Horad Minsk"
"11330","Hordaland"
"29931","Horjul"
"14890","Hormozgan"
"29206","Houaphan"
"25426","Hounslow"
"29628","Hovd"
"25023","Hovedstaden"
"29627","Hovsgol"
"30293","Howland Island"
"29811","Hrastnik"
"29813","Hrpelje-Kozina"
"12239","Hsinchu"
"15597","Hualien"
"28593","Huambo"
"11998","Huancavelica"
"12000","Huanuco"
"10753","Hubei"
"25598","Huehuetenango"
"23999","Huelva"
"23883","Huesca"
"11644","Huila"
"28594","Huila"
"28981","Hulwan"
"10762","Hunan"
"23810","Hunedoara"
"30238","Hung Yen"
"212","Hungary"
"25898","Hwanghae-Bukto"
"25897","Hwanghae-Namdo"
"9598","Hyogo"
"23812","Ialomita"
"29263","Ialoveni"
"12080","Iasi"
"9440","Ibaraki"
"30264","Ibb"
"3129","Ica"
"25692","Icastries"
"19086","Icel"
"228","Iceland"
"11863","Iceland"
"25313","Ida-Virumaa"
"13","Idaho"
"26044","Idlib"
"25988","Idrija"
"29277","Iecavas Novads"
"24966","Ifugao"
"29814","Ig"
"24206","Igdir"
"29710","Ijuw"
"29440","Iklin"
"29278","Ikskiles Novads"
"23790","Ilam"
"15598","Ilan"
"9878","Ile-De-France"
"19897","Ileia"
"28168","Ilfov"
"28948","Ilhas De Barlavento"
"25223","Ilhas De Sotavento"
"29295","Ilinden"
"25989","Ilirska Bistrica"
"14","Illinois"
"28972","Illizi"
"23840","Ilocos Norte"
"24829","Ilocos Sur"
"12035","Iloilo"
"29281","Ilukstes Novads"
"14864","Imathia"
"24943","Imbabura"
"25567","Imereti"
"30341","Imisli"
"25845","Imo"
"10857","Imperia"
"30395","Inagua"
"25028","Incheon Gwangyeogsi"
"29657","Inchiri"
"29282","Incukalna Novads"
"30282","Independencia"
"297","India"
"15","Indiana"
"539","Indonesia"
"23802","Ingushskaya"
"29561","Inhambane"
"29068","Intibuca"
"25433","Inverclyde"
"14857","Ioannina"
"16","Iowa"
"11753","Irakleion"
"522","Iran (Islamic Republic Of)"
"23767","Iraq"
"11862","Iraq"
"25650","Irbid"
"210","Ireland"
"26070","Iringa"
"12090","Irkutskaya Oblast"
"30099","Isabel"
"24837","Isabela"
"10858","Isernia"
"9536","Ishikawa"
"29441","Isla"
"28954","Isla De La Juventud"
"25876","Islamabad"
"12418","Islas Baleares"
"29069","Islas De La Bahia"
"25338","Isle Of Anglesey"
"24308","Isle Of Man"
"24303","Isle Of Man"
"25431","Isle Of Wight"
"25432","Islington"
"30342","Ismayilli"
"23796","Isparta"
"213","Israel"
"25674","Issyk Kul Province"
"11040","Istanbul"
"24315","Istarska"
"11313","Ita-Suomen Lasni"
"214","Italy"
"25902","Itapua"
"25990","Ivancna Gorica"
"12244","Ivano-Frankivs'Ka Oblast'"
"12635","Ivanovokaya Oblast'"
"9429","Iwate"
"25599","Izabal"
"11041","Izmir"
"25991","Izola/Isola"
"30022","Jabat"
"25960","Jablanicki Okrug"
"23995","Jaen"
"11800","Jakarta Raya"
"25672","Jalal-Abad Province"
"29046","Jalapa"
"9738","Jalisco"
"30023","Jaluit"
"662","Jamaica"
"7674","Jamaica"
"11801","Jambi"
"18194","Jammu And Kashmir"
"19075","Jamtlande Lan"
"28167","Jan Mayen"
"29567","Janakpur"
"30072","Janub Darfur"
"30078","Janub Kurdufan"
"28982","Janub Sina"
"28994","Janubi Al Bahri Al Ahmar"
"75","Japan"
"29102","Jarash"
"30305","Jardin Exotique"
"25315","Jarvamaa"
"30294","Jarvis Island"
"11788","Jasz-Nagykun-Szolnok"
"29291","Jaunjelgavas Novads"
"29292","Jaunpiebalgas Novads"
"29293","Jaunpils Novads"
"11793","Jawa Barat"
"11808","Jawa Tengah"
"11802","Jawa Timur"
"29297","Jegunovce"
"25040","Jejudo"
"30291","Jekabpils"
"25729","Jekabpils Novads"
"30290","Jelgava"
"25728","Jelgavas Novads"
"29782","Jendouba"
"30051","Jenin"
"25036","Jeonrabugdo"
"25037","Jeonranamdo"
"30052","Jericho"
"24304","Jersey"
"24309","Jersey"
"30050","Jerusalem"
"29815","Jesenice"
"29932","Jezersko"
"28057","Jharkhand"
"10699","Jiangsu"
"10724","Jiangxi"
"25846","Jigawa"
"25006","Jihocesky Kraj"
"11664","Jihocesky Kraj"
"11660","Jihomoravsky Kraj"
"25007","Jihomoravsky Kraj"
"25267","Jijel"
"10687","Jilin"
"29693","Jinotega"
"26084","Jizzax"
"24817","Jlzan"
"25314","Jogevamaa"
"30295","Johnston Atoll"
"11934","Johor"
"28172","Johor"
"30117","Jonglei"
"18912","Jonkopings Lan"
"11891","Jordan"
"231","Jordan"
"28568","Jowzjan"
"29728","Jubbada Dhexe"
"29729","Jubbada Hoose"
"9844","Jujuy"
"11999","Junin"
"19579","Jura"
"25737","Jurmala"
"29817","Jursinci"
"25600","Jutiapa"
"25946","Juznobanatcki Okrug"
"25944","Juznobanatski Okrug"
"12141","Kabardino-Balkarskaya Respub"
"25139","Kabul"
"29610","Kachin"
"25847","Kaduna"
"30086","Kaffrine"
"25304","Kafr Ash Shaykh"
"9631","Kagawa"
"29812","Kagera"
"9650","Kagoshima"
"12647","Kahraman Maras"
"28330","Kainuu"
"29791","Kairouan"
"28989","Kakheti"
"24862","Kalasin"
"23912","Kalimantan Barat"
"11794","Kalimantan Selatan"
"23913","Kalimantan Tengah"
"11792","Kalimantan Timur"
"24850","Kalinga-Apayso"
"12637","Kaliningradskaya Oblast'"
"29451","Kalkara"
"11376","Kalmar Lan"
"23794","Kalmykiya Respublika"
"12113","Kaluzhakaya Oblast'"
"12636","Kamchatskaya Oblast'"
"25992","Kamnik"
"24884","Kamphasng Phet"
"28146","Kampong Chaam"
"28147","Kampong Chhnang"
"28148","Kampong Spueu"
"28149","Kampong Thum"
"28150","Kampot"
"9515","Kanagawa"
"29818","Kanal"
"24905","Kanchanaburi"
"28151","Kandaal"
"25140","Kandahar"
"29294","Kandavas Novads"
"30165","Kanem"
"25899","Kangwon-Do"
"25583","Kankan"
"25849","Kano"
"17","Kansas"
"28152","Kaoh Kong"
"12240","Kaohsiung"
"25920","Kaolack"
"28569","Kapisa"
"28337","Kaposvar"
"30177","Kara"
"24196","Karabuk"
"12102","Karachayevo-Cherkesskaya Respu"
"23753","Karaman"
"25821","Karas"
"26052","Karategin"
"25624","Karbala"
"29166","Karbinci"
"19902","Karditsa"
"28289","Kardzhali"
"12158","Kareliya Respublika"
"24702","Karlovacka"
"25008","Karlovarsky Kraj"
"29568","Karnali"
"10011","Karnataka"
"11582","Karnten"
"29303","Karpos"
"19119","Kars"
"29306","Karsavas Novads"
"28642","Karuzi"
"28936","Kasai-Occidental"
"25216","Kasai-Oriental"
"30076","Kassala"
"29793","Kasserine"
"19120","Kastamonu"
"14868","Kastoria"
"28935","Katanga"
"25851","Katsina"
"25709","Kauno"
"25777","Kavadarci"
"14867","Kavalla"
"29611","Kayah"
"30001","Kayangel"
"28643","Kayanza"
"25786","Kayes"
"29612","Kayin"
"11042","Kayseri"
"223","Kazakhstan"
"11892","Kazakhstan"
"25848","Kebbi"
"29757","Kebili"
"28338","Kecskemet"
"11931","Kedah"
"28173","Kedah"
"30087","Kedougou"
"24462","Keelung"
"14855","Kefallinia"
"29319","Keguma Novads"
"29320","Kekavas Novads"
"28174","Kelantan"
"15152","Kelantan"
"30343","Kelbecer"
"12117","Kemerovskaya Oblast'"
"28906","Kemo-Gribingui"
"30344","Kengerli"
"25434","Kensington And Chelsea"
"25435","Kent"
"18","Kentucky"
"363","Kenya"
"11896","Kenya"
"28136","Kepulauan Riau"
"10018","Kerala"
"29452","Kercem"
"19900","Kerkyra"
"11850","Kerman"
"11851","Kermanshahan"
"11842","Kerry"
"24317","Keryneia"
"28897","Kgalagadi"
"28898","Kgatleng"
"12118","Khabarovskiy Kray"
"12088","Khakasiya Respublika"
"29211","Khammouan"
"30053","Khan Yunis"
"26115","Khanh Hoa"
"12143","Khanty-Mansiyskiy Avtonomnyy"
"15610","Kharkivs'Ka Oblast'"
"30180","Khatlon"
"28977","Khenchela"
"15611","Khersons'Ka Oblast'"
"12246","Khmel'Nyts'Ka Oblast'"
"25822","Khomas"
"12227","Khon Kaen"
"11852","Khorasan"
"28302","Khorasan-E Janubi"
"28303","Khorasan-E Razavi"
"28304","Khorasan-E Shemali"
"28570","Khost"
"25176","Khulna"
"11846","Khuzestan"
"25877","Khyber Pakhtunkhwa"
"29113","Kicevo"
"29608","Kidal"
"29820","Kidricevo"
"30224","Kien Giang"
"29821","Kigoma"
"11837","Kildare"
"30024","Kili"
"26071","Kilimanjaro"
"24197","Kilis"
"11832","Kilkenny"
"14869","Kilkis"
"29022","Kindia"
"30296","Kingman Reef"
"25642","Kingston"
"25436","Kingston Upon Hull"
"25438","Kingston Upon Thames"
"25217","Kinshasa"
"560","Kiribati"
"11043","Kirikkale"
"24199","Kirklareli"
"25437","Kirklees"
"29453","Kirkop"
"12247","Kirovohrads'Ka Oblast'"
"15572","Kirovskaya Oblast'"
"24198","Kirsehir"
"28644","Kirundo"
"29310","Kisela Voda"
"25708","Klaipedos"
"25439","Knowsley"
"29822","Kobarid"
"11707","Kobenhavn"
"29823","Kobilje"
"11038","Kocaeli"
"29117","Kocani"
"29308","Kocenu Novads"
"25993","Kocevje"
"12578","Kochi"
"25850","Kogi"
"23910","Kohkiluyeh Va Buyer Ahmadi"
"29309","Kokneses Novads"
"29617","Kolasin"
"25919","Kolda"
"25949","Kolubarski Okrug"
"11776","Komarom-Esztergom"
"29824","Komen"
"29933","Komenda"
"12181","Komi Respublika"
"25591","Kommune Kujalleq"
"25594","Kommuneqarfik Sermersooq"
"26110","Kon Tum"
"29340","Konce"
"11044","Konya"
"25994","Koper/Capodistria"
"23828","Koprivoickco-Krizevaka"
"28605","Korce"
"23805","Kordeatan"
"13131","Korea - North"
"723","Korea - North"
"385","Korea - South"
"7993","Korea - South"
"14848","Korinthia"
"25889","Koror"
"25872","Kosi"
"25970","Kosicky Kraj"
"25962","Kosovski Okrug"
"29556","Kosovsko-Mitrovacki Okrug"
"29557","Kosovsko-Pomoravski Okrug"
"29011","Kosrae"
"29968","Kostanjevica Na Krki"
"29934","Kostel"
"12122","Kostromskaya Oblast'"
"28619","Kotayk"
"25804","Kotor"
"28657","Kouffo"
"25220","Kouilou"
"29602","Koulikoro"
"14870","Kozani"
"29825","Kozje"
"24870","Krabi"
"28153","Kracheh"
"25009","Kralovehradecky Kraj"
"25995","Kranj"
"25996","Kranjska Gora"
"24703","Krapinako-Zagorska"
"29312","Kraslavas Novads"
"12108","Krasnodarskiy Kray"
"12089","Krasnoyarskiy Kray"
"29148","Kratovo"
"29314","Krimuldas Novads"
"29127","Kriva Palanka"
"29354","Krivogastani"
"29935","Krizevci"
"29124","Krong Kaeb"
"29125","Krong Pailin"
"29123","Krong Preah Sihanouk"
"11411","Kronoberge Lan"
"25997","Krsko"
"12224","Krung Thep Maha Nakhon Bangkok"
"29145","Krusevo"
"29316","Krustpils Novads"
"14347","Kujawsko-Pomorskie"
"28606","Kukes"
"25730","Kuldigas Novads"
"9643","Kumamoto"
"25778","Kumanovo"
"29988","Kuna Yala"
"28571","Kunar"
"28572","Kunduz"
"29677","Kunene"
"29826","Kungota"
"15573","Kurakaya Oblast'"
"30345","Kurdemir"
"12127","Kurganskaya Oblast'"
"11045","Kutahya"
"468","Kuwait"
"8033","Kuwait"
"29827","Kuzma"
"25568","Kvemo Kartli"
"30025","Kwajalein"
"25852","Kwara"
"28355","Kwazulu-Natal"
"11502","Kwazulu-Natal"
"28899","Kweneng"
"12650","Kyiv"
"25086","Kyivs'Ka Oblast'"
"14874","Kyklades"
"28316","Kymenlaakso"
"9580","Kyoto"
"236","Kyrgyzstan"
"11899","Kyrgyzstan"
"28189","Kyustendil"
"10819","L'Aquila"
"25747","L'Oriental"
"12248","L'Vivs'Ka Oblast'"
"29871","La Altagracia"
"29433","La Colle"
"29434","La Condamine"
"19859","La Coruna"
"30148","La Digue"
"29874","La Estrelleta"
"30308","La Gare"
"24913","La Guajira"
"28949","La Habana"
"25930","La Libertad"
"12016","La Libertad"
"29775","La Manouba"
"28611","La Massana"
"12663","La Pampa"
"29070","La Paz"
"30110","La Paz"
"11611","La Paz"
"12284","La Rioja"
"11443","La Rioja"
"25245","La Romana"
"30314","La Source"
"10860","La Spezia"
"24828","La Union"
"30111","La Union"
"25246","La Vega"
"25317","Laane-Virumaa"
"25316","Laanemaa"
"29431","Laayoune-Boujdour-Sakia El Ha"
"25584","Labe"
"29343","Laborie"
"30166","Lac"
"30346","Lacin"
"28921","Lacs"
"30027","Lae"
"28573","Laghman"
"25254","Laghouat"
"25853","Lagos"
"20086","Laguna"
"25202","Lagunes"
"30265","Lahij"
"30044","Lai Chau"
"30118","Lakes"
"19899","Lakonia"
"24801","Lakshadweep"
"26116","Lam Dong"
"11992","Lambayeque"
"25440","Lambeth"
"15587","Lampang"
"24873","Lamphun"
"19970","Lampung"
"12034","Lanao Del Norte"
"24967","Lanao Del Sur"
"28400","Lancashire"
"26099","Lang Son"
"9945","Languedoc-Roussillon"
"28630","Lankaran"
"11319","Lansi-Suomen Laani"
"26097","Lao Cai"
"481","Lao Peoples Democratic Republi"
"11902","Lao Peoples Democratic Republi"
"19996","Laois"
"11320","Lapin Laani"
"28321","Lapland"
"11471","Lara"
"11754","Larisa"
"15840","Larnaca"
"28408","Larne"
"30306","Larvotto"
"24010","Las Palmas"
"28953","Las Tunas"
"19915","Lasithion"
"25998","Lasko"
"10864","Latina"
"244","Latvia"
"11910","Latvia"
"30189","Lautem"
"29986","Lavalleja"
"29785","Le Kef"
"11903","Lebanon"
"234","Lebanon"
"26056","Lebap"
"10865","Lecce"
"10866","Lecco"
"25442","Leeds"
"15858","Lefkas"
"24964","Lefkosia"
"25441","Leicester"
"25443","Leicestershire"
"15528","Leiria"
"24110","Leitrim"
"28939","Lekoumou"
"12397","Lemesos"
"29071","Lempira"
"29828","Lenart"
"25999","Lendava/Lendva"
"15574","Leningradskaya Oblast'"
"30347","Lenkeran"
"29694","Leon"
"24009","Leon"
"25763","Leova"
"29367","Leribe"
"24008","Lerida"
"30348","Lerik"
"30156","Les Mamelles"
"637","Lesotho"
"15123","Lesotho"
"19913","Lesvos"
"25444","Lewisham"
"12047","Leyte"
"28607","Lezhe"
"28892","Lhuentse"
"10680","Liaoning"
"30028","Lib"
"25683","Liban-Nord"
"25685","Liban-Sud"
"25010","Liberecky Kraj"
"11905","Liberia"
"23769","Liberia"
"12353","Libertador Gen B O'Higgins"
"990","Libyan Arab Jamahiriya"
"12745","Libyan Arab Jamahiriya"
"24704","Licko-Senjska"
"8042","Liechtenstein"
"489","Liechtenstein"
"11056","Liege"
"29321","Lielvardes Novads"
"25738","Liepaja"
"29326","Ligatnes Novads"
"29454","Lija"
"30029","Likiep"
"28940","Likouala"
"11994","Lima"
"28409","Limavady"
"29323","Limbazu Novads"
"11071","Limburg"
"10973","Limburg"
"11834","Limerick"
"25228","Limon"
"12436","Limousin"
"28171","Limpopo"
"25445","Lincolnshire"
"29834","Lindi"
"30436","Line Islands"
"12130","Lipetskaya Oblast'"
"29364","Lipkovo"
"30190","Liquica"
"12053","Lisboa"
"25448","Lisburn"
"11908","Lithuania"
"238","Lithuania"
"26000","Litija"
"25209","Littoral"
"25169","Littoral"
"29327","Livanu Novads"
"25446","Liverpool"
"10867","Livorno"
"26001","Ljubljana"
"29829","Ljubno"
"26002","Ljutomer"
"28907","Lobaye"
"10868","Lodi"
"14350","Lodzkie"
"24889","Loei"
"29252","Lofa"
"29981","Log-Dragomer"
"28574","Logar"
"26003","Logatec"
"26049","Logone Occidental"
"30167","Logone-Oriental"
"11727","Loja"
"25447","London"
"30220","Long An"
"30396","Long Island"
"24109","Longford"
"24865","Lop Buri"
"23789","Lorestan"
"12005","Loreto"
"25159","Lori"
"9948","Lorraine"
"11625","Los Lagos"
"28128","Los Rios"
"24935","Los Rios"
"25885","Los Santos"
"26004","Loska Dolina"
"29830","Loski Potok"
"29212","Louang Namtha"
"29213","Louangphabang"
"25921","Louga"
"19","Louisiana"
"11826","Louth"
"11596","Lovec"
"28190","Lovech"
"29936","Lovrenc Na Pohorju"
"29024","Lower River"
"29159","Lozovo"
"25144","Luanda"
"30248","Luapula"
"29328","Lubanas Novads"
"14349","Lubelskie"
"26032","Lubombo"
"14351","Lubuskie"
"10869","Lucca"
"29832","Luce"
"29330","Ludzas Novads"
"24007","Lugo"
"12249","Luhans'Ka Oblast'"
"29835","Lukovica"
"29569","Lumbini"
"28595","Lunda Norte"
"28596","Lunda Sul"
"29455","Luqa"
"26152","Lusaka"
"28404","Luton"
"11060","Luxembourg"
"11909","Luxembourg"
"225","Luxembourg"
"25721","Luxembourg"
"10170","Luzern"
"30266","Ma Rib"
"29106","Maan"
"1949","Macau"
"8057","Macau"
"222","Macedonia - The Frm Yugoslav Re"
"8193","Macedonia - The Frm Yugoslav Re"
"10871","Macerata"
"25948","Macvanski Okrug"
"29105","Madaba"
"281","Madagascar"
"11924","Madagascar"
"29138","Madang"
"10027","Madhya Pradesh"
"25702","Madhyama Palata"
"25731","Madonas Novads"
"24922","Madre De Dios"
"11413","Madrid"
"29695","Madriz"
"24901","Mae Hong Son"
"29373","Mafeteng"
"12131","Magadanskaya Oblast'"
"11627","Magallanes"
"23861","Magdalena"
"25452","Magherafelt"
"11757","Magnisia"
"12030","Maguindanao"
"29609","Magway"
"24874","Maha Sarakham"
"29060","Mahaica-Berbice"
"25769","Mahajanga"
"29570","Mahakali"
"1320","Maharashtra"
"29750","Mahdia"
"20","Maine"
"26005","Majsperk"
"23884","Majuro"
"28645","Makamba"
"29384","Makedonska Kamenica"
"29142","Makedonski Brod"
"30100","Makira"
"12207","Makkah"
"29969","Makole"
"23996","Malaga"
"30101","Malaita"
"30221","Malampa"
"28597","Malange"
"11046","Malatya"
"4220","Malawi"
"12613","Malawi"
"538","Malaysia"
"30307","Malbousquet"
"23838","Maldives"
"536","Maldives"
"26078","Maldonado"
"25772","Male"
"595","Mali"
"11925","Mali"
"30030","Maloelap"
"14373","Malopolskie"
"29335","Malpils Novads"
"240","Malta"
"8196","Malta"
"23914","Maluku"
"28137","Maluku Utara"
"29023","Mamou"
"11728","Manabi"
"25869","Managua"
"30191","Manatuto"
"25047","Manawatu-Wanganui"
"25449","Manchester"
"25645","Manchester"
"25793","Mandalay"
"30168","Mandoul"
"25658","Mangghystau Oblysy"
"30397","Mangrove Cay"
"29562","Manica"
"30252","Manicaland"
"28937","Maniema"
"12039","Manila"
"24803","Manipur"
"11047","Manisa"
"57","Manitoba"
"10872","Mantova"
"30192","Manufahi"
"29139","Manus"
"29899","Manyara"
"26033","Manzini"
"25811","Maputo"
"29646","Maputo City"
"29868","Mara"
"25827","Maradi"
"28926","Marahoue"
"12068","Maramures"
"10125","Maranhao"
"23876","Mardin"
"29255","Margibi"
"25247","Maria Trinidad Sanchez"
"26006","Maribor"
"25710","Marijampoles"
"24848","Marinduque"
"26051","Maritime"
"23784","Mariy El Respublika"
"23793","Markazi"
"29937","Markovci"
"25046","Marlborough"
"30128","Marowijne"
"25753","Marrakech-Tensift-Al Haouz"
"29456","Marsa"
"29457","Marsaskala"
"29458","Marsaxlokk"
"24923","Marsh Harbour"
"23748","Marshall Islands"
"12779","Martinique"
"573","Martinique"
"29337","Marupes Novads"
"30182","Mary"
"21","Maryland"
"29256","Maryland"
"30349","Masalli"
"29696","Masaya"
"24856","Masbate"
"25277","Mascara"
"25706","Maseru"
"30253","Mashonaland Central"
"30254","Mashonaland East"
"30256","Mashonaland West"
"25874","Masqat"
"15019","Massa"
"22","Massachusetts"
"26157","Masvingo"
"26156","Matabeleland North"
"30255","Matabeleland South"
"29697","Matagalpa"
"30088","Matam"
"25234","Matanzas"
"10874","Matera"
"10129","Mato Grosso"
"23756","Mato Grosso Do Sul"
"28985","Matruh"
"11620","Maule"
"25696","Mauren"
"11929","Mauritania"
"508","Mauritania"
"278","Mauritius"
"11930","Mauritius"
"29369","Mavrovo And Rostusa"
"30398","Mayaguana"
"11822","Mayo"
"30169","Mayo-Kebbi-Est"
"30170","Mayo-Kebbi-Ouest"
"23772","Mayotte"
"23760","Mayotte"
"25625","Maysan"
"11847","Mazandaran"
"14344","Mazowieckie"
"29332","Mazsalacas Novads"
"29879","Mbeya"
"28908","Mbomou"
"29459","Mdina"
"11831","Meath"
"29571","Mechi"
"10503","Mecklenburg-Vorpommern"
"25275","Medea"
"29754","Medenine"
"25110","Medio Campidano"
"24705","Medjimuraka"
"29836","Medvode"
"25451","Medway"
"10026","Meghalaya"
"23798","Mehedinti"
"30031","Mejit"
"25748","Meknes-Tafilalet"
"11954","Melaka"
"28175","Melaka"
"30002","Melekeok"
"19871","Melilla"
"29460","Mellieha"
"9819","Mendoza"
"29711","Meneng"
"29837","Menges"
"11485","Merida"
"29338","Mersraga Novads"
"25458","Merthyr Tydfil"
"25456","Merton"
"10875","Messina"
"14851","Messinia"
"23765","Meta"
"29838","Metlika"
"28352","Metropolitana De Lima"
"8075","Mexico"
"180","Mexico"
"29839","Mezica"
"29461","Mgarr"
"23874","Miaoli"
"23","Michigan"
"9748","Michoacan"
"29345","Micoud"
"11743","Micronesia - Federated States O"
"340","Micronesia - Federated States O"
"25450","Middlesbrough"
"9951","Midi-Pyrenees"
"26155","Midlands"
"25454","Midlothian"
"25021","Midtjylland"
"30297","Midway Islands"
"9572","Mie"
"29938","Miklavzna Dravskem Polju"
"25284","Mila"
"3996","Milano"
"30033","Mili"
"29140","Milne Bay"
"25453","Milton Keynes"
"3985","Minas Gerais"
"20090","Mindoro Occidental"
"24841","Mindoro Oriental"
"28631","Mingacevir"
"24","Minnesota"
"25186","Minskaja Oblast'"
"11474","Miranda"
"29840","Miren-Kostanjevica"
"29939","Mirna Pec"
"24833","Misamis Occidental"
"12027","Misamis Oriental"
"15823","Misiones"
"29177","Misiones"
"28339","Miskolc"
"29841","Mislinja"
"29315","Misratah"
"25","Mississippi"
"26","Missouri"
"9431","Miyagi"
"9648","Miyazaki"
"24800","Mizoram"
"10877","Modena"
"29389","Mogila"
"25185","Mogilevskaja Oblast'"
"29375","Mohale's Hoek"
"29618","Mojkovac"
"29665","Moka"
"29380","Mokhotlong"
"29971","Mokronog-Trebelno"
"2324","Moldova - Republic Of"
"11921","Moldova - Republic Of"
"25797","Mon"
"8069","Monaco"
"292","Monaco"
"25755","Monaco-Ville"
"11484","Monagas"
"19997","Monaghan"
"29749","Monastir"
"28154","Mondol Kiri"
"30310","Moneghetti"
"28890","Monggar"
"11926","Mongolia"
"546","Mongolia"
"25455","Monmouthshire"
"25170","Mono"
"25250","Monsenor Nouel"
"30149","Mont Buxton"
"30150","Mont Fleuri"
"25686","Mont-Liban"
"27","Montana"
"15830","Montana"
"28191","Montana"
"30283","Monte Cristi"
"29912","Monte Plata"
"30309","Monte-Carlo"
"29741","Montegiardino"
"24301","Montenegro"
"24302","Montenegro"
"26079","Montevideo"
"25687","Montserrado"
"5001","Montserrat"
"25111","Monza And Brianza"
"30399","Moores Island"
"29605","Mopti"
"12004","Moquegua"
"29842","Moravce"
"25954","Moravicki Okrug"
"26007","Moravske Toplice"
"25011","Moravskoslezsky Kraj"
"25457","Moray"
"30112","Morazan"
"12169","Mordoviya Respublika"
"11327","More Og Romsdal"
"9750","Morelos"
"25890","Morobe"
"8058","Morocco"
"276","Morocco"
"29883","Morogoro"
"24939","Morona-Santiago"
"12094","Moskovskaya Oblast'"
"12137","Moskva"
"29462","Mosta"
"25276","Mostaganem"
"30311","Moulins"
"24853","Mountain Province"
"25627","Mousl (Nainawa)"
"28598","Moxico"
"25204","Moyen-Cavally"
"29783","Moyen-Chari"
"28919","Moyen-Comoe"
"25333","Moyen-Ogooue"
"25459","Moyle"
"571","Mozambique"
"11927","Mozambique"
"29843","Mozirje"
"11506","Mpumalanga"
"29463","Mqabba"
"25788","Msida"
"28971","Msila"
"29464","Mtarfa"
"28990","Mtskheta-Mtianeti"
"26073","Mtwara"
"29197","Mubarak Al Kabir"
"25937","Mudug"
"19126","Mugla"
"24890","Mukdahan"
"29465","Munxar"
"28646","Muramvya"
"11425","Murcia"
"15564","Mures"
"12139","Murmanskaya Oblast'"
"29844","Murska Sobota"
"29317","Murzuq"
"19128","Mus"
"29717","Musandam"
"29845","Muta"
"28647","Muyinga"
"26074","Mwanza"
"28648","Mwaro"
"3535","Myanmar"
"23837","Myanmar"
"24625","Mykolaivs'Ka Oblast'"
"25285","Naama"
"29240","Nabatiye"
"26062","Nabeul"
"25909","Nablus"
"29466","Nadur"
"29361","Naegenahira Palata"
"28632","Naftalan"
"24792","Nagaland"
"9542","Nagano"
"9641","Nagasaki"
"28340","Nagykanizsa"
"25665","Nairobi"
"24972","Najran"
"24897","Nakhon Nayok"
"24858","Nakhon Pathom"
"24906","Nakhon Phanom"
"12228","Nakhon Ratchasima"
"23881","Nakhon Sawan"
"12229","Nakhon Si Thammarat"
"29846","Naklo"
"29318","Nalut"
"26134","Nam Dinh"
"26085","Namangan"
"30034","Namdrik"
"28599","Namibe"
"8249","Namibia"
"370","Namibia"
"29563","Nampula"
"30035","Namu"
"11073","Namur"
"24892","Nan"
"28909","Nana-Mambere"
"28575","Nangarhar"
"24445","Nantou"
"30212","Nanumanga"
"30213","Nanumea"
"24942","Napo"
"10881","Napoli"
"9605","Nara"
"24907","Narathiwat"
"29572","Narayani"
"11645","Narino"
"29121","Naryn"
"25854","Nasarawa"
"30047","Nason"
"25891","National Capital District"
"29339","Nauksenu Novads"
"3537","Nauru"
"23963","Nauru"
"11451","Navarra"
"30298","Navassa Island"
"26086","Navoiy"
"28629","Naxcivan"
"29467","Naxxar"
"9751","Nayarit"
"29847","Nazarje"
"26050","Ndjamena"
"12082","Neamt"
"25473","Neath Port Talbot"
"28","Nebraska"
"29182","Neembucu"
"30350","Neftcala"
"28176","Negeri Sembilan"
"11932","Negeri Sembilan"
"29120","Negotino"
"24823","Negroe Occidental"
"12033","Negros Oriental"
"15967","Nei Mongol Zizhiqu"
"25048","Nelson"
"24788","Nenetskiy Avtonomoyy Okrug"
"11976","Nepal"
"542","Nepal"
"29341","Neretas Novads"
"79","Netherlands"
"5390","Netherlands Antilles"
"362","Netherlands Antilles"
"10173","Neuchatel"
"9820","Neuquen"
"29","Nevada"
"25677","Nevis"
"19129","Nevsehir"
"58","New Brunswick"
"354","New Caledonia"
"8250","New Caledonia"
"30","New Hampshire"
"29141","New Ireland"
"31","New Jersey"
"32","New Mexico"
"11607","New Providence"
"688","New South Wales"
"28386","New South Wales"
"33","New York"
"369","New Zealand"
"25464","Newcastle Upon Tyne"
"59","Newfoundland And Labrador"
"25476","Newham"
"25477","Newport"
"25479","Newry And Mourne"
"25471","Newtownabbey"
"29990","Ngabe-Bugle"
"30004","Ngaraard"
"30005","Ngarchelong"
"30006","Ngardmau"
"30007","Ngatpang"
"30008","Ngchesar"
"30009","Ngeremlengui"
"26105","Nghe An"
"30010","Ngiwal"
"29014","Ngounie"
"28649","Ngozi"
"25828","Niamey"
"28942","Niari"
"29564","Niassa"
"29712","Nibok"
"11974","Nicaragua"
"379","Nicaragua"
"29342","Nicas Novads"
"30129","Nickerie"
"14642","Nidwalden"
"11585","Niederosterreich"
"10508","Niedersachsen"
"19130","Nigde"
"298","Niger"
"11969","Niger"
"25855","Niger"
"11970","Nigeria"
"365","Nigeria"
"9528","Niigata"
"25805","Niksic"
"29257","Nimba"
"28576","Nimroz"
"10805","Ningxia"
"26102","Ninh Binh"
"30219","Ninh Thuan"
"29079","Nippes"
"25957","Nisavski Okrug"
"25764","Nisporeni"
"25971","Nitriansky Kraj"
"30197","Niuas"
"202","Niue"
"15160","Niue"
"30214","Niutao"
"12640","Nizhegorodskaya Oblast'"
"24757","No Region"
"30278","No Region"
"30279","No Region"
"11772","Nograd"
"24896","Nong Bua Lam Phu"
"24887","Nong Khai"
"12230","Nonthaburi"
"10951","Noord-Brabant"
"3966","Noord-Holland"
"29080","Nord"
"25210","Nord"
"30067","Nord"
"28668","Nord"
"29081","Nord-Est"
"25218","Nord-Kivu"
"29082","Nord-Ouest"
"25211","Nord-Ouest"
"9955","Nord-Pas-De-Calais"
"11346","Nord-Trondelag"
"25020","Nordjylland"
"11704","Nordjylland"
"11332","Nordland"
"10528","Nordrhein-Westfalen"
"25639","Nordurland Eystra"
"25638","Nordurland Vestra"
"25465","Norfolk"
"558","Norfolk Island"
"11359","Norrbottena Lan"
"23959","Norte De Santander"
"29594","North"
"25926","North"
"30400","North Abaco"
"30401","North Andros"
"25460","North Ayrshire"
"29026","North Bank"
"34","North Carolina"
"29595","North Central"
"24832","North Cotabato"
"35","North Dakota"
"25462","North Down"
"30091","North East"
"25463","North East Lincolnshire"
"30402","North Eleuthera"
"30054","North Gaza"
"10641","North Island"
"28319","North Karelia"
"25467","North Lanarkshire"
"25468","North Lincolnshire"
"25892","North Solomons"
"25470","North Somerset"
"25475","North Tyneside"
"25478","North Yorkshire"
"25198","North-East"
"29107","North-Eastern"
"11516","North-West"
"25199","North-West"
"30250","North-Western"
"25472","Northamptonshire"
"29144","Northern"
"29008","Northern"
"25578","Northern"
"29903","Northern"
"30249","Northern"
"30106","Northern"
"30119","Northern Bahr El-Ghazal"
"11515","Northern Cape"
"10358","Northern Ireland"
"8200","Northern Mariana Islands"
"3382","Northern Mariana Islands"
"28327","Northern Ostrobothnia"
"11519","Northern Province"
"29674","Northern Region"
"24844","Northern Samar"
"28320","Northern Savonia"
"714","Northern Territory"
"25049","Northland"
"25461","Northumberland"
"61","Northwest Territories"
"83","Norway"
"25466","Nottingham"
"25474","Nottinghamshire"
"25816","Nouakchott"
"26008","Nova Gorica"
"62","Nova Scotia"
"29392","Novaci"
"10884","Novara"
"12145","Novgorodskaya Oblast'"
"26009","Novo Mesto"
"29156","Novo Selo"
"12149","Novosibirskaya Oblast'"
"24821","Nueva Ecija"
"11478","Nueva Esparta"
"29698","Nueva Segovia"
"20093","Nueva Vizcaya"
"9752","Nuevo Leon"
"29730","Nugaal"
"30215","Nui"
"30216","Nukufetau"
"30217","Nukulaelae"
"60","Nunavut"
"10885","Nuoro"
"28577","Nuristan"
"11804","Nusa Tenggara Barat"
"23915","Nusa Tenggara Timur"
"29015","Nyanga"
"25669","Nyanza"
"28341","Nyiregyhaza"
"25585","Nzerekore"
"28925","Nzi-Comoe"
"9756","Oaxaca"
"11573","Oberosterreich"
"28958","Obock"
"15933","Obwalden"
"29264","Ocnita"
"29072","Ocotepeque"
"12253","Odes 'Ka Oblast'"
"29848","Odranci"
"30193","Oecussi"
"11819","Offaly"
"25112","Ogliastra"
"29016","Ogooue-Ivindo"
"29017","Ogooue-Lolo"
"25334","Ogooue-Maritime"
"25732","Ogres Novads"
"25856","Ogun"
"30351","Oguz"
"29678","Ohangwena"
"36","Ohio"
"25779","Ohrid"
"29034","Oio"
"9646","Oita"
"25824","Okavango"
"9615","Okayama"
"9652","Okinawa"
"37","Oklahoma"
"29344","Olaines Novads"
"29073","Olancho"
"25113","Olbia-Tempio"
"25480","Oldham"
"25012","Olomoucky Kraj"
"23824","Olt"
"25481","Omagh"
"29679","Omaheke"
"576","Oman"
"12620","Oman"
"28910","Ombella-Mpoko"
"29633","Omnogovi"
"12151","Omskaya Oblast'"
"29680","Omusati"
"25857","Ondo"
"25662","Ongtustik Qazaqstan Oblysy"
"63","Ontario"
"11054","Oost-Vlaanderen"
"29940","Oplotnica"
"14375","Opolskie"
"11340","Oppland"
"25279","Oran"
"28865","Orange Walk"
"28612","Ordino"
"24200","Ordu"
"30352","Ordubad"
"11392","Orebro Lan"
"38","Oregon"
"28129","Orellana"
"12153","Orenburgskaya Oblast'"
"24006","Orense"
"29266","Orhei"
"29624","Orhon"
"28938","Orientale"
"10030","Orissa"
"10886","Oristano"
"25482","Orkney Islands"
"23807","Orlovskaya Oblast"
"26010","Ormoz"
"25328","Oromia"
"24930","Oruro"
"9584","Osaka"
"25673","Osh City"
"25825","Oshana"
"25826","Oshikoto"
"29849","Osilnica"
"11766","Osjecko-Baranjska"
"11348","Oslo"
"29396","Oslomej"
"28169","Osmaniye"
"11380","Ostergotlands Lan"
"11336","Ostfold"
"28326","Ostrobothnia"
"25858","Osun"
"25050","Otago"
"28163","Otdar Mean Chey"
"25823","Otjozondjupa"
"26048","Ouaddai"
"28911","Ouaka"
"25278","Ouargla"
"29214","Oudomxai"
"29432","Oued Ed Dahab-Lagouira"
"28658","Oueme"
"30068","Ouest"
"25612","Ouest"
"25212","Ouest"
"28912","Ouham"
"28913","Ouham-Pende"
"11318","Oulun Lasni"
"28969","Oum El Bouaghi"
"10959","Overijssel"
"29634","Ovorhangay"
"25483","Oxfordshire"
"25859","Oyo"
"29346","Ozolnieku Novads"
"10841","Padova"
"11949","Pahang"
"28177","Pahang"
"28317","Paijanne Tavastia"
"366","Pakistan"
"11977","Pakistan"
"28578","Paktika"
"28579","Paktiya"
"23770","Palau"
"8490","Palau"
"30235","Palauli"
"23966","Palawan"
"24005","Palencia"
"10888","Palermo"
"12689","Palestinian Territories"
"24320","Palestinian Territories"
"30299","Palmyra Atoll"
"12022","Pampanga"
"29666","Pamplemousses"
"25886","Panama"
"11985","Panama"
"492","Panama"
"24931","Pando"
"25711","Panevezio"
"12031","Pangasinan"
"28580","Panjshayr"
"29468","Paola"
"15841","Paphos"
"28138","Papua"
"29086","Papua Barat"
"534","Papua New Guinea"
"12049","Papua New Guinea"
"10130","Para"
"30130","Para"
"29181","Paraguari"
"183","Paraguay"
"12064","Paraguay"
"4980","Paraiba"
"25967","Paramaribo"
"2970","Parana"
"25013","Pardubicky Kraj"
"29348","Pargaujas Novads"
"10889","Parma"
"25319","Parnumaa"
"28877","Paro"
"28581","Parwan"
"20078","Pasco"
"24764","Pastaza"
"20238","Pathum Thani"
"15593","Pattani"
"28353","Pattaya"
"10890","Pavia"
"29350","Pavilostas Novads"
"25659","Pavlodar Oblysy"
"9967","Pays De La Loire"
"29989","Paysandu"
"28192","Pazardzhik"
"25961","Pcinjski Okrug"
"29554","Pecki Okrug"
"28342","Pecs"
"30284","Pedernales"
"29190","Pehcevo"
"30011","Peleliu"
"14871","Pella"
"28891","Pemagatshel"
"29816","Pemba North"
"29831","Pemba South"
"29469","Pembroke"
"25484","Pembrokeshire"
"29802","Penal-Debe"
"30222","Penama"
"15599","Penghu"
"39","Pennsylvania"
"12128","Penzenskaya Oblast'"
"11936","Perak"
"28179","Perak"
"30285","Peravia"
"11940","Perlis"
"28180","Perlis"
"12097","Permskiy Kray"
"10131","Pernambuco"
"28193","Pernik"
"25485","Perth And Kinross"
"360","Peru"
"10891","Perugia"
"10892","Pesaro"
"25114","Pesaro And Urbino"
"10893","Pescara"
"29851","Pesnica"
"11777","Pest"
"25601","Peten"
"25490","Peterborough"
"29163","Petrovec"
"15590","Phaket"
"24895","Phangnga"
"24898","Phatthalung"
"24875","Phayao"
"24878","Phetchabun"
"24877","Phetchaburi"
"24872","Phichit"
"24871","Phichit"
"386","Philippines"
"12231","Phitsanulok"
"25675","Phnom Penh"
"30437","Phoenix Islands"
"29215","Phongsali"
"23758","Phra Nakhon Si Ayutthaya"
"15588","Phrae"
"26135","Phu Tho"
"26113","Phu Yen"
"10894","Piacenza"
"12888","Piaui"
"9970","Picardie"
"11730","Pichincha"
"25057","Pieria"
"29470","Pieta"
"25232","Pinar Del Rio"
"24447","Pingtung"
"26011","Piran/Pirano"
"28325","Pirkanmaa"
"25959","Pirotski Okrug"
"10896","Pisa"
"10897","Pistoia"
"24614","Pitcairn"
"24615","Pitcairn"
"12012","Piura"
"29852","Pivka"
"29668","Plaines Wilhems"
"30151","Plaisance"
"29355","Planken"
"29152","Plasnica"
"25860","Plateau"
"28659","Plateau"
"28669","Plateau-Central"
"29784","Plateaux"
"28946","Plateaux"
"29619","Plav"
"29352","Plavinu Novads"
"28194","Pleven"
"25806","Pljevlja"
"28195","Plovdiv"
"11599","Plovdiv"
"29620","Pluzine"
"25486","Plymouth"
"25014","Plzensky Kraj"
"29853","Podcetrtek"
"25807","Podgorica"
"14362","Podkarpackie"
"14358","Podlaskie"
"29941","Podlehnik"
"29558","Podunavski Okrug"
"29854","Podvelka"
"25331","Pohnpei"
"30200","Point Fortin"
"30152","Pointe Larue"
"9974","Poitou-Charentes"
"208","Poland"
"29972","Poljcane"
"12254","Poltavs'Ka Oblast'"
"25318","Polvamaa"
"29942","Polzela"
"29061","Pomeroon-Supenaam"
"25952","Pomoravski Okrug"
"14353","Pomorskie"
"10034","Pondicherry"
"11467","Pontevedra"
"28944","Pool"
"25487","Poole"
"10898","Pordenone"
"30153","Port Glaud"
"29667","Port Louis City"
"25817","Port Louis City"
"26060","Port Of Spain"
"30312","Port-Hercule"
"15538","Portalegre"
"29090","Portland"
"12060","Porto"
"25488","Portsmouth"
"206","Portugal"
"20249","Portuguesa"
"26012","Postojna"
"29062","Potaro-Siparuni"
"10899","Potenza"
"24929","Potosi"
"28157","Pousaat"
"25489","Powys"
"24706","Pozesko-Slavonska"
"23882","Prachin Buri"
"24866","Prachuap Khiri Khan"
"24805","Praha"
"25015","Praha"
"12084","Prahova"
"29347","Praslin"
"10901","Prato"
"28155","Preah Vihear"
"29943","Prebold"
"29855","Preddvor"
"25733","Preilu Novads"
"29184","Presidente Hayes"
"25972","Presovsky Kraj"
"29944","Prevalje"
"23763","Preveza"
"28156","Prey Veaeng"
"29353","Priekules Novads"
"29356","Priekulu Novads"
"25780","Prilep"
"12193","Primorskiy Kray"
"11767","Primorsko-Goranska"
"64","Prince Edward Island"
"29792","Princes Town"
"30124","Principe"
"29555","Prizrenski Okrug"
"29115","Probistip"
"9976","Provence-Alpes-Cote-D'Azur"
"12161","Pskovskaya Oblast'"
"29856","Ptuj"
"29858","Puconci"
"9759","Puebla"
"25248","Puerto Plata"
"607","Puerto Rico"
"5321","Puerto Rico"
"28178","Pulau Pinang"
"11957","Pulau Pinang"
"28883","Punakha"
"10031","Punjab"
"25878","Punjab"
"12007","Puno"
"25229","Puntarenas"
"19764","Putumayo"
"25895","Pyongan-Bukto"
"25894","Pyongan-Namdo"
"25893","Pyongyang"
"25592","Qaasuitsup Kommunia"
"29378","Qacha's Nek"
"29471","Qala"
"30055","Qalqilya"
"25655","Qaraghandy Oblysy"
"28996","Qash-Barkah"
"26087","Qashqadaryo"
"12065","Qatar"
"519","Qatar"
"30354","Qax"
"30355","Qazax"
"28301","Qazvin"
"30353","Qebele"
"25593","Qeqqata Kommunia"
"25298","Qina"
"10804","Qinghai"
"30356","Qobustan"
"24932","Qom"
"26088","Qoraqalpogiston"
"29472","Qormi"
"25656","Qostanay Oblysy"
"29473","Qrendi"
"26107","Quang Binh"
"26109","Quang Nam"
"26111","Quang Ngai"
"26100","Quang Ninh"
"30210","Quang Tri"
"29669","Quatre Bornes"
"30357","Quba"
"30358","Qubadli"
"65","Quebec"
"694","Queensland"
"28387","Queensland"
"9763","Queretaro"
"25602","Quetzaltenango"
"12627","Quezon"
"29048","Quiche"
"29035","Quinara"
"24627","Quindio"
"9764","Quintana Roo"
"24849","Quirino"
"30359","Qusar"
"29376","Quthing"
"25657","Qyzylorda Oblysy"
"29474","Rabat Gozo"
"29475","Rabat Malta"
"25749","Rabat-Sale-Zemmour-Zaer"
"29859","Race-Fram"
"28991","Racha-Lechkhumi-Kvemo Svaneti"
"29860","Radece"
"29861","Radenci"
"26013","Radlje Ob Dravi"
"29116","Radovis"
"29863","Radovljica"
"30056","Rafah"
"30403","Ragged Island"
"10902","Ragusa"
"10035","Rajasthan"
"25177","Rajshahi"
"25798","Rakhine"
"25910","Ramallah"
"25178","Rangpur"
"29412","Rankovce"
"15591","Ranong"
"25320","Raplamaa"
"29573","Rapti"
"25155","Ras Al Khaymah"
"25956","Rasinski Okrug"
"25955","Raska Okrug"
"24860","Ratchaburi"
"29358","Raunas Novads"
"10903","Ravenna"
"29864","Ravne Na Koroskem"
"30267","Raymah"
"24857","Rayong"
"28196","Razgrad"
"29945","Razkrizje"
"25495","Reading"
"29982","Recica Ob Savinji"
"25494","Redbridge"
"25491","Redcar And Cleveland"
"28628","Redonda"
"10904","Reggio Calabria"
"10905","Reggio Emilia"
"20106","Regiao Autonoma Da Madeira"
"12631","Regiao Autonoma Dos Acores"
"25588","Region Continental"
"25589","Region Insular"
"2998","Region Metro De Santiago"
"25288","Relizane"
"29974","Rence-Vogrsko"
"25496","Renfrewshire"
"30102","Rennell And Bellona"
"11608","Republika Srpska"
"25781","Resen"
"5383","Reserved/Private"
"23878","Reserved/Private/Anon"
"12651","Respublika Krym"
"29049","Retalhuleu"
"19916","Rethymnon"
"12777","Reunion"
"2510","Reunion"
"25633","Reykjavik"
"25739","Rezekne"
"29360","Rezeknes Novads"
"25765","Rezina"
"10591","Rheinland-Pfalz"
"40","Rhode Island"
"25493","Rhondda"
"9983","Rhone-Alpes"
"11711","Ribe"
"29865","Ribnica"
"29946","Ribnica Na Pohorju"
"25497","Richmond Upon Thames"
"29368","Riebinu Novads"
"10907","Rieti"
"29769","Rif Dimashq"
"25670","Rift Valley"
"25740","Riga"
"3962","Rimini"
"12415","Ringkobing"
"30201","Rio Claro-Mayaro"
"3971","Rio De Janeiro"
"10136","Rio Grande Do Norte"
"10137","Rio Grande Do Sul"
"29991","Rio Negro"
"9822","Rio Negro"
"29700","Rio San Juan"
"11646","Risaralda"
"29267","Riscani"
"19971","Risu"
"29699","Rivas"
"29260","River Gee"
"30000","Rivera"
"29258","Rivercess"
"25861","Rivers"
"29670","Riviere Du Rempart"
"23907","Rivnens'Ka Oblast'"
"12037","Rizal"
"24178","Rize"
"30003","Rocha"
"25492","Rochdale"
"30157","Roche Caiman"
"14873","Rodopi"
"29672","Rodrigues Island"
"11334","Rogaland"
"29867","Rogaska Slatina"
"29866","Rogasovci"
"29870","Rogatec"
"24868","Roi Et"
"29371","Rojas Novads"
"10837","Roma"
"233","Romania"
"24842","Romblon"
"23780","Rondonia"
"30037","Rongelap"
"29372","Ropazu Novads"
"23782","Roraima"
"19999","Roscommon"
"11719","Roskilde"
"29421","Rosoman"
"12146","Rostov"
"28158","Rotanak Kiri"
"25498","Rotherham"
"29009","Rotuma"
"10911","Rovigo"
"29621","Rozaje"
"29374","Rucavas Novads"
"29377","Rugaju Novads"
"25697","Ruggell"
"29382","Rujienas Novads"
"29889","Rukwa"
"30404","Rum Cay"
"29379","Rundales Novads"
"11600","Ruse"
"28197","Ruse"
"26014","Ruse"
"204","Russian Federation"
"28650","Rutana"
"25499","Rutland"
"29892","Ruvuma"
"28651","Ruyigi"
"596","Rwanda"
"12203","Rwanda"
"12165","Ryazanskaya Oblast'"
"30268","Sa Dah"
"24882","Sa Kaeo"
"25321","Saaremaa"
"10618","Saarland"
"30360","Saatli"
"28125","Saba"
"28183","Sabah"
"11942","Sabah"
"29365","Sabaragamuva Palata"
"25690","Sabha"
"30361","Sabirabad"
"30362","Sabran"
"29050","Sacatepequez"
"10621","Sachsen"
"10631","Sachsen-Anhalt"
"29476","Safi"
"12580","Saga"
"25791","Sagaing"
"29574","Sagarmatha"
"30364","Sahbuz"
"28670","Sahel"
"25269","Saida"
"29857","Saint Andrew"
"29088","Saint Andrew"
"30032","Saint Andrew"
"28960","Saint Andrew"
"29037","Saint Andrew"
"28868","Saint Andrew"
"25643","Saint Ann"
"25125","Saint Barthelemy"
"25126","Saint Barthelemy"
"25646","Saint Catherine"
"30036","Saint David"
"28961","Saint David"
"29038","Saint David"
"29095","Saint Elizabeth"
"25590","Saint George"
"26096","Saint George"
"28869","Saint George"
"25243","Saint George"
"28622","Saint George"
"25927","Saint Helena"
"25191","Saint James"
"25644","Saint James"
"28870","Saint John"
"25162","Saint John"
"28962","Saint John"
"29039","Saint John"
"28963","Saint Joseph"
"28871","Saint Joseph"
"25676","Saint Kitts"
"593","Saint Kitts And Nevis"
"7991","Saint Kitts And Nevis"
"30154","Saint Louis"
"23771","Saint Lucia"
"8041","Saint Lucia"
"25192","Saint Lucy"
"28964","Saint Luke"
"29040","Saint Mark"
"28965","Saint Mark"
"25124","Saint Martin"
"25123","Saint Martin"
"29091","Saint Mary"
"28623","Saint Mary"
"25193","Saint Michael"
"29041","Saint Patrick"
"30040","Saint Patrick"
"28966","Saint Patrick"
"28967","Saint Paul"
"28624","Saint Paul"
"28872","Saint Peter"
"28968","Saint Peter"
"28625","Saint Peter"
"28626","Saint Philip"
"28873","Saint Philip"
"28874","Saint Thomas"
"29089","Saint Thomas"
"793","Saint Vincent And The Grenadin"
"8937","Saint Vincent And The Grenadin"
"25922","Saint-Louis"
"30316","Saint-Roman"
"30313","Sainte-Devote"
"9459","Saitama"
"11025","Sakarya"
"12200","Sakha Respublika"
"12125","Sakhalinskaya Oblast'"
"28633","Saki"
"24876","Sakon Nakhon"
"29385","Salacgrivas Novads"
"25629","Salah Al Deen"
"23875","Salaj"
"11456","Salamanca"
"30171","Salamat"
"29383","Salas Novads"
"29386","Salaspils Novads"
"29216","Salavan"
"29875","Salcedo"
"29387","Saldus Novads"
"10912","Salerno"
"30057","Salfit"
"25510","Salford"
"28343","Salgotarjan"
"29810","Salovci"
"9787","Salta"
"26080","Salto"
"30366","Salyan"
"11574","Salzburg"
"30286","Samana"
"28582","Samangan"
"26089","Samarqand"
"12168","Samarskaya Oblast'"
"30367","Samaxi"
"28893","Samdrup Jongkha"
"25570","Samegrelo-Zemo Svaneti"
"23831","Samoa"
"537","Samoa"
"14878","Samos"
"11049","Samsun"
"28880","Samtse"
"28992","Samtskhe-Javakheti"
"24590","Samut Prakan"
"24859","Samut Sakhon"
"24888","Samut Songkhram"
"30369","Samux"
"24915","San Andres"
"29913","San Cristobal"
"29804","San Fernando"
"29477","San Giljan"
"25789","San Gwann"
"25230","San Jose"
"30012","San Jose"
"30287","San Jose De Ocoa"
"9817","San Juan"
"30288","San Juan"
"29798","San Juan-Laventille"
"29478","San Lawrenz"
"23873","San Luis"
"9771","San Luis Potosi"
"29051","San Marcos"
"524","San Marino"
"25934","San Marino"
"8767","San Marino"
"12020","San Martin"
"25932","San Miguel"
"29576","San Pawl Il Bahar"
"29165","San Pedro"
"29878","San Pedro De Macoris"
"30405","San Salvador"
"25933","San Salvador"
"30113","San Vicente"
"30269","San'A"
"26148","Sana"
"25938","Sanaag"
"29877","Sanchez Ramirez"
"28952","Sancti Spiritus"
"29146","Sandaun"
"25500","Sandwell"
"28916","Sangha"
"28945","Sangha"
"29794","Sangre Grande"
"3761","Sankt Gallen"
"12129","Sankt-Peterburg"
"19132","Sanliurfa"
"30223","Sanma"
"29577","Sannat"
"28613","Sant Julia De Loria"
"25931","Santa Ana"
"29074","Santa Barbara"
"15904","Santa Catarina"
"15899","Santa Cruz"
"11612","Santa Cruz"
"11457","Santa Cruz De Tenerife"
"28131","Santa Elena"
"9826","Santa Fe"
"29578","Santa Lucija"
"29053","Santa Rosa"
"29579","Santa Venera"
"11639","Santander"
"15545","Santarem"
"25249","Santiago"
"25239","Santiago De Cuba"
"23871","Santiago Del Estero"
"30289","Santiago Rodriguez"
"25251","Santo Domingo"
"28130","Santo Domingo De Los Tsachila"
"726","Sao Paulo"
"25966","Sao Tome"
"23869","Sao Tome And Principe"
"526","Sao Tome And Principe"
"28583","Sar-E Pul"
"12232","Saraburi"
"29442","Saraj"
"30131","Saramacca"
"28307","Sarangani"
"12093","Saratovskaya Oblast'"
"11950","Sarawak"
"28184","Sarawak"
"28885","Sarpang"
"66","Saskatchewan"
"10915","Sassari"
"28328","Satakunta"
"15565","Satu Mare"
"24899","Satun"
"30236","Satupaitea"
"226","Saudi Arabia"
"29388","Saulkrastu Novads"
"28917","Savanes"
"29218","Savannakhet"
"29671","Savanne"
"30178","Savannes"
"29622","Savnik"
"10917","Savona"
"25698","Schaan"
"10176","Schaffhausen"
"29357","Schellenberg"
"10608","Schleswig-Holstein"
"19667","Schwyz"
"10361","Scotland"
"25502","Scottish Borders"
"30363","Sederek"
"30089","Sedhiou"
"25504","Sefton"
"29604","Segou"
"14838","Segovia"
"29390","Sejas Novads"
"30365","Seki"
"28181","Selangor"
"11933","Selangor"
"29631","Selenge"
"29947","Selnica Ob Dravi"
"29872","Semic"
"30368","Semkir"
"23791","Semnan"
"29952","Sempeter-Vrtojba"
"29882","Sencur"
"661","Senegal"
"12209","Senegal"
"26019","Sentilj"
"29884","Sentjernej"
"29886","Sentjur Pri Celju"
"29984","Sentrupert"
"25025","Seoul Teugbyeolsi"
"23919","Serbia"
"272","Serbia"
"23777","Sergipe"
"19907","Serrai"
"29743","Serravalle"
"30370","Serur"
"29575","Seti"
"25268","Setif"
"12063","Setubal"
"24998","Sevastopol"
"23801","Severnaya Osetiya Respublika"
"25941","Severnobacki Okrug"
"25943","Severnobanatski Okrug"
"11666","Severocesky Kraj"
"11679","Severomoravsky Kraj"
"23998","Sevilla"
"29873","Sevnica"
"23821","Seychelles"
"598","Seychelles"
"26015","Sezana"
"26064","Sfax"
"10797","Shaanxi"
"29731","Shabeellaha Dhexe"
"29732","Shabeellaha Hoose"
"30270","Shabwah"
"30071","Shamal Darfur"
"30077","Shamal Kurdufan"
"25308","Shamal Sina"
"25799","Shan"
"10729","Shandong"
"10698","Shanghai"
"10673","Shanxi"
"30070","Sharq Darfur"
"26145","Shefa"
"25506","Sheffield"
"25555","Shetland Islands"
"25569","Shida Kartli"
"9577","Shiga"
"28997","Shimali Al Bahri Al Ahmar"
"9612","Shimane"
"26075","Shinyanga"
"25160","Shirak"
"26034","Shiselweni"
"9550","Shizuoka"
"25147","Shkoder"
"25508","Shropshire"
"28198","Shumen"
"25661","Shyghys Qazaqstan Oblysy"
"24880","Si Sa Ket"
"25712","Siauliu"
"24700","Sibenako-Kninska"
"12085","Sibiu"
"10790","Sichuan"
"29796","Sidi Bouzid"
"25271","Sidi-Bel-Abbes"
"28159","Siem Reab"
"10919","Siena"
"12211","Sierra Leone"
"520","Sierra Leone"
"29580","Siggiewi"
"29391","Siguldas Novads"
"24201","Siirt"
"29603","Sikasso"
"24804","Sikkim"
"30172","Sila"
"29787","Siliana"
"28199","Silistra"
"9766","Sinaloa"
"25879","Sindh - South"
"24902","Sing Buri"
"8749","Singapore"
"283","Singapore"
"29274","Singerei"
"29895","Singida"
"30084","Sinnar"
"29261","Sinoe"
"24202","Sinop"
"28126","Sint Eustaius"
"25120","Sint Maarten"
"25119","Sint Maarten"
"30132","Sipaliwini"
"29805","Siparia"
"24852","Siquijor"
"10920","Siracusa"
"26090","Sirdaryo"
"24203","Sirnak"
"28634","Sirvan"
"24707","Sisasko-Moelavacka"
"11860","Sistan Va Baluchestan"
"11050","Sivas"
"30371","Siyezen"
"25024","Sjaelland"
"11365","Skane Lan"
"25270","Skikda"
"29887","Skocjan"
"29890","Skofja Loka"
"29891","Skofljica"
"29393","Skriveru Novads"
"29394","Skrundas Novads"
"14345","Slaskie"
"29581","Sliema"
"11841","Sligo"
"28200","Sliven"
"25511","Slough"
"8769","Slovakia (Slovak Republic)"
"217","Slovakia (Slovak Republic)"
"8772","Slovenia"
"224","Slovenia"
"26016","Slovenj Gradec"
"26017","Slovenska Bistrica"
"26018","Slovenske Konjice"
"26020","Smarje Pri Jelsah"
"29979","Smarjeske Toplice"
"29893","Smartno Ob Paki"
"29964","Smartno Pri Litiji"
"29397","Smiltenes Novads"
"12174","Smolenskaya Oblast'"
"28201","Smolyan"
"26127","Soc Trang"
"11364","Sodermanlands Lan"
"29948","Sodrazica"
"25813","Sofala"
"28202","Sofia"
"28203","Sofia-Grad"
"15832","Sofija"
"11602","Sofija-Grad"
"11353","Sogn Og Fjordane"
"25862","Sokoto"
"29949","Solcava"
"29268","Soldanesti"
"25514","Solihull"
"29052","Solola"
"12210","Solomon Islands"
"535","Solomon Islands"
"10177","Solothurn"
"25660","Soltustik Qazaqstan Oblysy"
"29004","Somali"
"23835","Somalia"
"20348","Somalia"
"28401","Somerset"
"15865","Somogy"
"30208","Son La"
"14718","Sonderjylland"
"10921","Sondrio"
"12233","Songkhla"
"9772","Sonora"
"30114","Sonsonate"
"30013","Sonsorol"
"29733","Sool"
"25782","Sopiste"
"28410","Sopron"
"11357","Sor-Trondelag"
"24004","Soria"
"30014","Soriano"
"29284","Soroca"
"24847","Sorsogon"
"26021","Sostanj"
"29349","Soufriere"
"25283","Souk-Ahras"
"25754","Souss-Massa-Draa"
"26063","Sousse"
"29596","South"
"30406","South Abaco"
"384","South Africa"
"30407","South Andros"
"689","South Australia"
"25501","South Ayrshire"
"41","South Carolina"
"29597","South Central"
"24825","South Cotabato"
"42","South Dakota"
"30092","South East"
"30408","South Eleuthera"
"5000","South Georgia / South Sandwich"
"25505","South Gloucestershire"
"10656","South Island"
"28313","South Karelia"
"25512","South Lanarkshire"
"25122","South Sudan"
"25121","South Sudan"
"25524","South Tyneside"
"30093","South West"
"25200","South-East"
"25520","Southampton"
"25515","Southend-On-Sea"
"28900","Southern"
"26150","Southern"
"30107","Southern"
"29042","Southern Grenadine Islands"
"29147","Southern Highlands"
"24845","Southern Leyte"
"29006","Southern Nations"
"28322","Southern Ostrobothnia"
"25819","Southern Region"
"28318","Southern Savonia"
"25051","Southland"
"25527","Southwark"
"205","Spain"
"30409","Spanish Wells"
"30315","Spelugues"
"11768","Splitako-Dalmatinska"
"29975","Sredisce Ob Dravi"
"25942","Srednjebanatski Okrug"
"25947","Sremski Okrug"
"11906","Sri Lanka"
"440","Sri Lanka"
"510","St. Helena"
"25507","St. Helens"
"24616","St. Pierre And Miquelon"
"24617","St. Pierre And Miquelon"
"25522","Staffordshire"
"28866","Stann Creek"
"28204","Stara Zagora"
"29443","Staro Nagoricane"
"29876","Starse"
"12162","Stavropolskiy Kray"
"29286","Stefan Voda"
"11576","Steiermark"
"29279","Stinga Nistrului"
"25785","Stip"
"25519","Stirling"
"11358","Stockholms Lan"
"25509","Stockport"
"25523","Stockton-On-Tees"
"25518","Stoke-On-Trent"
"29399","Stopi&#326;U Novads"
"29894","Store"
"14687","Storstrom"
"25517","Strabane"
"29285","Straseni"
"29976","Straza"
"25016","Stredocesky Kraj"
"11659","Stredocesky Kraj"
"29400","Strencu Novads"
"29114","Struga"
"25783","Strumica"
"29444","Studenicani"
"28160","Stueng Traeng"
"12086","Suceava"
"25603","Suchitepequez"
"23908","Sucre"
"11476","Sucre"
"24938","Sucumbios"
"29083","Sud"
"25213","Sud"
"25913","Sud"
"28929","Sud-Bandama"
"28927","Sud-Comoe"
"29084","Sud-Est"
"25219","Sud-Kivu"
"28671","Sud-Ouest"
"25214","Sud-Ouest"
"4221","Sudan"
"15872","Sudan"
"25641","Sudurland"
"25635","Sudurnes"
"25503","Suffolk"
"26053","Sughd"
"25306","Suhaj"
"29632","Suhbaatar"
"24881","Sukhothai"
"28139","Sulawesi Barat"
"11806","Sulawesi Selatan"
"23917","Sulawesi Tengah"
"23916","Sulawesi Tenogara"
"11795","Sulawesi Utara"
"24968","Sultan Kudarat"
"24838","Sulu"
"25951","Sumadijski Okrug"
"23962","Sumatera Barat"
"11807","Sumatera Selatan"
"11805","Sumatera Utara"
"25165","Sumqayit"
"12653","Sums 'Ka Oblast'"
"25513","Sunderland"
"24869","Suphan Buri"
"24861","Surat Thani"
"24827","Surigao Del Norte"
"24831","Surigao Del Sur"
"24903","Surin"
"24863","Surin"
"8768","Suriname"
"797","Suriname"
"25516","Surrey"
"29322","Surt"
"26091","Surxondaryo"
"30372","Susa"
"29601","Suto Orizari"
"25521","Sutton"
"28161","Svaay Rieng"
"28166","Svalbard"
"24017","Svalbard And Jan Mayen Islands"
"24018","Svalbard And Jan Mayen Islands"
"12105","Sverdlovskaya Oblast'"
"29950","Sveta Ana"
"29977","Sveta Trojica V Slovenskih Go"
"29951","Sveti Andraz V Slovenskih Gor"
"29880","Sveti Jurij"
"29983","Sveti Jurij V Slovenskih Gori"
"29136","Sveti Nikole"
"29978","Sveti Tomaz"
"25525","Swansea"
"638","Swaziland"
"12219","Swaziland"
"71","Sweden"
"29582","Swieqi"
"14359","Swietokrzyskie"
"25526","Swindon"
"81","Switzerland"
"25022","Syddanmark"
"25179","Sylhet"
"12222","Syrian Arab Republic"
"2361","Syrian Arab Republic"
"25161","Syunik"
"11783","Szabolcs-Szatmar-Bereg"
"28344","Szeged"
"28345","Szekesfehervar"
"28346","Szekszard"
"28347","Szolnok"
"28348","Szombathely"
"29583","Ta Xbiex"
"30271","Ta'Izz"
"28162","Taakaev"
"9775","Tabasco"
"29953","Tabor"
"29898","Tabora"
"24313","Tabuk"
"11479","Tachira"
"12018","Tacna"
"30016","Tacuarembo"
"28959","Tadjourah"
"29426","Tadla-Azilal"
"30225","Tafea"
"29654","Tagant"
"29684","Tahoua"
"15604","Taichung"
"15600","Tainan"
"12241","Taipei"
"15603","Taitung"
"387","Taiwan - Province Of China"
"8856","Tajikistan"
"581","Tajikistan"
"24883","Tak"
"30155","Takamaka"
"28584","Takhar"
"29122","Talas"
"25734","Talsu Novads"
"28970","Tamanghasset"
"9776","Tamaulipas"
"30090","Tambacounda"
"12136","Tambovskaya Oblast'"
"25528","Tameside"
"10036","Tamil Nadu"
"30173","Tandjile"
"26076","Tanga"
"25744","Tanger-Tetouan"
"25794","Tanintharyi"
"12243","Tanzania"
"383","Tanzania - United Republic Of"
"20241","Tao-Yuan"
"25863","Taraba"
"25691","Tarabulus"
"29288","Taraclia"
"25053","Taranaki"
"10922","Taranto"
"11621","Tarapaca"
"28205","Targovishte"
"23960","Tarija"
"24822","Tarlac"
"11463","Tarragona"
"25322","Tartumaa"
"29774","Tartus"
"29584","Tarxien"
"26092","Tashkent City"
"25052","Tasman"
"603","Tasmania"
"28388","Tasmania"
"28349","Tatabanya"
"29806","Tataouine"
"12116","Tatarstan Respublika"
"25713","Taurages"
"28314","Tavastia Proper"
"28620","Tavus"
"28305","Tawi-Tawi"
"26117","Tay Ninh"
"25746","Taza-Al Hoceima-Taounate"
"25571","Tbilisi"
"29179","Tearce"
"25261","Tebessa"
"11854","Tehran"
"19131","Tekirdag"
"11867","Tel-Aviv"
"11349","Telemark"
"29289","Telenesti"
"23825","Teleorman"
"25529","Telford And Wrekin"
"25714","Telsiu"
"28875","Temburong"
"30103","Temotu"
"43","Tennessee"
"10923","Teramo"
"28182","Terengganu"
"11935","Terengganu"
"10924","Terni"
"23862","Ternopil's'Ka Oblast'"
"30373","Terter"
"23904","Teruel"
"29402","Tervetes Novads"
"25814","Tete"
"25784","Tetovo"
"44","Texas"
"29381","Thaba-Tseka"
"26103","Thai Binh"
"26136","Thai Nguyen"
"484","Thailand"
"26104","Thanh Hoa"
"14856","Thesprotia"
"11756","Thessaloniki"
"25623","Thi Qar"
"25923","Thies"
"25196","Thimphu"
"26108","Thua Thien-Hue"
"10178","Thurgau"
"10633","Thuringen"
"25530","Thurrock"
"10666","Tianjin"
"25263","Tiaret"
"30174","Tibesti"
"10180","Ticino"
"26123","Tien Giang"
"9836","Tierra Del Fuego"
"29005","Tigrai"
"29685","Tillaberi"
"12087","Timis"
"24620","Timor-Leste"
"24621","Timor-Leste"
"25282","Tindouf"
"28978","Tipaza"
"11823","Tipperary"
"25148","Tirane"
"29656","Tiris Zemmour"
"11581","Tirol"
"29762","Tisina"
"28975","Tissemsilt"
"29623","Tivat"
"25264","Tizi-Ouzou"
"9780","Tlaxcala"
"25262","Tlemcen"
"25767","Toamasina"
"23781","Tocantins"
"9449","Tochigi"
"29734","Togdheer"
"12223","Togo"
"374","Togo"
"23795","Tokat"
"24618","Tokelau"
"24619","Tokelau"
"9630","Tokushima"
"9492","Tokyo"
"28867","Toledo"
"11464","Toledo"
"25771","Toliara"
"14647","Tolima"
"26022","Tolmin"
"19961","Tolna"
"29036","Tombali"
"29606","Tombouctou"
"12185","Tomskaya Oblast'"
"23830","Tonga"
"201","Tonga"
"26059","Tongatapu"
"25958","Toplicki Okrug"
"30226","Torba"
"25531","Torbay"
"25532","Torfaen"
"10840","Torino"
"26093","Toshkent"
"29054","Totonicapan"
"9610","Tottori"
"29630","Tov"
"30374","Tovuz"
"25534","Tower Hamlets"
"9533","Toyama"
"29803","Tozeur"
"26126","Tra Vinh"
"11051","Trabzon"
"25533","Trafford"
"15592","Trang"
"25758","Transnistria"
"10928","Trapani"
"29651","Trarza"
"28895","Trashi Yangtse"
"28889","Trashigang"
"24893","Trat"
"26023","Trbovlje"
"26024","Trebnje"
"30019","Treinta Y Tres"
"29092","Trelawny"
"25974","Trenciansky Kraj"
"10873","Trento"
"10878","Treviso"
"25699","Triesen"
"29359","Triesenberg"
"10932","Trieste"
"14861","Trikala"
"12237","Trinidad And Tobago"
"375","Trinidad And Tobago"
"10043","Tripura"
"30095","Tristan Da Cunha"
"25973","Trnavsky Kraj"
"29954","Trnovska Vas"
"11356","Troms"
"28886","Trongsa"
"11491","Trujillo"
"26025","Trzic"
"29955","Trzin"
"28881","Tsirang"
"26146","Tuamasaga"
"30058","Tubas"
"9832","Tucuman"
"29405","Tukuma Novads"
"15567","Tulcea"
"30059","Tulkarm"
"12186","Tulskaya Oblast"
"24919","Tumbes"
"29795","Tunapuna-Piarco"
"24204","Tunceli"
"11724","Tungurahua"
"26061","Tunis"
"12238","Tunisia"
"2128","Tunisia"
"211","Turkey"
"2465","Turkmenistan"
"12236","Turkmenistan"
"361","Turks And Caicos Islands"
"8838","Turks And Caicos Islands"
"29896","Turnisce"
"28876","Tutong"
"3150","Tuvalu"
"15595","Tuvalu"
"26098","Tuyen Quang"
"12187","Tverskaya Oblast'"
"12188","Tyumenskaya Oblast'"
"24672","Tyva Respublika"
"29713","Uaboe"
"12234","Ubon Ratchathani"
"30375","Ucar"
"12014","Ucayali"
"10934","Udine"
"12109","Udmurtakaya Respublika"
"24864","Udon Thani"
"8901","Uganda"
"299","Uganda"
"28600","Uige"
"30038","Ujae"
"28165","Ujelang"
"207","Ukraine"
"25810","Ulaanbaatar"
"25808","Ulcinj"
"25031","Ulsan Gwanqyeogsi"
"12104","Ulyanovskaya Oblast"
"25157","Umm Al Qaywayn"
"30063","Umm Salai"
"25766","Ungheni"
"11566","United Arab Emirates"
"356","United Arab Emirates"
"69","United Kingdom"
"52","United States"
"30120","Unity"
"25605","Upper Demerara-Berbice"
"29019","Upper East"
"25916","Upper Nile"
"29598","Upper North"
"29027","Upper River"
"29599","Upper South"
"29063","Upper Takutu-Upper Essequib"
"25579","Upper West"
"11408","Uppsala Lan"
"15948","Uri"
"487","Uruguay"
"12259","Uruguay"
"28124","Uruzgan"
"23749","Us Minor Outlying Islands"
"176","Us Virgin Islands"
"8962","Us Virgin Islands"
"24205","Usak"
"25017","Ustecky Kraj"
"30115","Usulutan"
"45","Utah"
"25715","Utenos"
"24933","Uthai Thani"
"30039","Utirik"
"10945","Utrecht"
"10044","Uttar Pradesh"
"24879","Uttaradit"
"28102","Uttarakhand"
"25704","Uturu Palata"
"29362","Uturumaeda Palata"
"28312","Uusimaa"
"29363","Uva Palata"
"29629","Uvs"
"282","Uzbekistan"
"12260","Uzbekistan"
"30239","Vaa-O-Fonoti"
"29673","Vacoas-Phoenix"
"25700","Vaduz"
"29407","Vainodes Novads"
"30240","Vaisigano"
"30218","Vaitupu"
"28914","Vakaga"
"15836","Valais"
"29128","Valandovo"
"23809","Valcea"
"25535","Vale Of Glamorgan"
"11426","Valencia"
"25323","Valgamaa"
"25735","Valkas Novads"
"11466","Valladolid"
"29075","Valle"
"11647","Valle Del Cauca"
"28918","Vallee Du Bandama"
"25790","Valletta"
"30317","Vallon De La Rousse"
"25742","Valmiera"
"11623","Valparaiso"
"29881","Valverde"
"11052","Van"
"23786","Vanuatu"
"548","Vanuatu"
"24420","Varaidinska"
"29411","Varaklanu Novads"
"10935","Varese"
"24999","Vargas"
"29414","Varkavas Novads"
"11369","Varmlanda Lan"
"11595","Varna"
"11789","Vas"
"29249","Vasilevo"
"23815","Vaslui"
"11396","Vasterbottens Lan"
"11361","Vasternorrlands Lan"
"11410","Vastmanlanda Lan"
"11362","Vastra Gotalands Lan"
"10181","Vaud"
"24962","Vaupes"
"30198","Vavau"
"25705","Vayamba Palata"
"28621","Vayoc Jor"
"29416","Vecpiebalgas Novads"
"29418","Vecumnieku Novads"
"11715","Vejle"
"29897","Velenje"
"29118","Veles"
"29956","Velika Polana"
"29900","Velike Lasce"
"28284","Veliko Tarnovo"
"10936","Venezia"
"377","Venezuela"
"25741","Ventspils"
"29420","Ventspils Novads"
"9781","Veracruz"
"25887","Veraguas"
"10937","Verbano-Cusio-Ossola"
"10827","Vercelli"
"46","Vermont"
"10939","Verona"
"29957","Verzej"
"11339","Vest-Agder"
"14677","Vestajaelland"
"25637","Vestfirdir"
"11351","Vestfold"
"25636","Vesturland"
"28350","Veszprem City"
"11790","Veszprem County"
"29253","Vevcani"
"15554","Viana Do Castelo"
"23783","Viba Valentia"
"14799","Viborg"
"10821","Vicenza"
"24963","Vichada"
"602","Victoria"
"28389","Victoria"
"29902","Videm"
"28285","Vidin"
"25682","Vientiane Prefecture"
"29220","Vientiane Province"
"29423","Vies&#299;Tes Novads"
"564","Viet Nam"
"12263","Viet Nam"
"29351","Vieux Fort"
"23965","Vila Real"
"29424","Vilakas Novads"
"29427","Vilanu Novads"
"25324","Viljandimaa"
"28950","Villa Clara"
"25912","Ville De Kigali"
"25716","Vilniaus"
"26124","Vinh Long"
"26137","Vinh Phuc"
"29119","Vinica"
"12256","Vinnyts'Ka Oblast'"
"29904","Vipava"
"30194","Viqueque"
"47","Virginia"
"24708","Virovitieko-Podravska"
"15555","Viseu"
"29906","Vitanje"
"25187","Vitebskaja Oblast'"
"10942","Viterbo"
"11421","Vizcaya"
"14480","Vlaams Brabant"
"12123","Vladimirskaya Oblast'"
"25149","Vlore"
"29907","Vodice"
"24958","Voiotia"
"29908","Vojnik"
"12195","Volgogradskaya Oblast'"
"12101","Vologodskaya Oblast'"
"29020","Volta"
"12648","Volyos'Ka Oblast'"
"11577","Vorarlberg"
"12198","Voronezhskaya Oblast'"
"25325","Vorumaa"
"12078","Vrancea"
"29262","Vranestica"
"29958","Vransko"
"29193","Vrapciste"
"28286","Vratsa"
"26026","Vrhnika"
"19935","Vurovarako-Srijemska"
"29909","Vuzenica"
"11667","Vychodocesky Kraj"
"25018","Vysocina"
"29324","Wadi Al Hayat"
"29325","Wadi Ash Shati"
"30175","Wadi Fira"
"25055","Waikato"
"9609","Wakayama"
"30300","Wake Island"
"25541","Wakefield"
"10375","Wales"
"24595","Wallis And Futuna Islands"
"24596","Wallis And Futuna Islands"
"25542","Walsall"
"25539","Waltham Forest"
"25545","Wandsworth"
"28884","Wangdue Phodrang"
"30133","Wanica"
"28585","Wardak"
"14354","Warminsko-Mazurskie"
"30121","Warrap"
"25550","Warrington"
"25536","Warwickshire"
"48","Washington"
"25632","Wasit"
"11828","Waterford"
"9203","Webtv"
"25054","Wellington"
"1309","West Bengal"
"25537","West Berkshire"
"25056","West Coast"
"25538","West Dunbartonshire"
"30410","West Grand Bahama"
"25543","West Lothian"
"29151","West New Britain"
"25553","West Sussex"
"49","West Virginia"
"11058","West-Vlaanderen"
"30245","Western"
"29905","Western"
"30104","Western"
"29149","Western"
"28142","Western"
"25580","Western"
"29028","Western"
"25330","Western"
"25929","Western Area"
"703","Western Australia"
"30122","Western Bahr El-Ghazal"
"4103","Western Cape"
"30123","Western Equatoria"
"29150","Western Highlands"
"24613","Western Sahara"
"24612","Western Sahara"
"24835","Western Samar"
"29807","Western Tobago"
"11817","Westmeath"
"25552","Westminster"
"29094","Westmoreland"
"11829","Wexford"
"11816","Wicklow"
"14357","Wielkopolskie"
"11587","Wien"
"25540","Wigan"
"11937","Wilayah Kuala Lumpur"
"15155","Wilayah Labuan"
"28185","Wilayah Persekutuan Kuala Lump"
"28186","Wilayah Persekutuan Labuan"
"30384","Wilayah Persekutuan Putrajaya"
"28405","Wiltshire"
"25546","Windsor And Maidenhead"
"25549","Wirral"
"50","Wisconsin"
"25547","Wokingham"
"29018","Woleu-Ntem"
"25544","Wolverhampton"
"25939","Woqooyi Galbeed"
"25548","Worcestershire"
"28928","Worodougou"
"30041","Wotho"
"30042","Wotje"
"25551","Wrexham"
"51","Wyoming"
"30376","Xacmaz"
"29585","Xaghra"
"29225","Xaignabouli"
"29229","Xaisomboun"
"25166","Xankendi"
"14872","Xanthi"
"29227","Xekong"
"29586","Xewkija"
"29587","Xghajra"
"29228","Xiangkhoang"
"10806","Xinjiang"
"10796","Xizang"
"30377","Xizi"
"30378","Xocali"
"30379","Xocavend"
"26094","Xorazm"
"15594","Yala"
"19134","Yalova"
"9434","Yamagata"
"9625","Yamaguchi"
"12167","Yamalo-Nenetskiy Avtonomnyy"
"9540","Yamanashi"
"28206","Yambol"
"30046","Yanggang-Do"
"25795","Yangon"
"29012","Yap"
"23864","Yaracuy"
"30380","Yardimli"
"25873","Yaren"
"12163","Yaroslavskaya Oblast'"
"12235","Yasothon"
"11859","Yazd"
"295","Yemen"
"23836","Yemen"
"30209","Yen Bai"
"25158","Yerevan"
"11874","Yerushalayim Al Quds"
"30381","Yevlax"
"28635","Yevlax"
"23826","Yevreyskaya Avtonomnaya Oblas"
"25864","Yobe"
"11815","Yogyakarta Jw"
"25554","York"
"25611","Yoro"
"23806","Yozgat"
"9785","Yucatan"
"67","Yukon Territory"
"24446","Yunlin"
"10794","Yunnan"
"28310","Zabaykalskiy Kray"
"29588","Zabbar"
"25809","Zabljak"
"28586","Zabul"
"29055","Zacapa"
"9786","Zacatecas"
"14348","Zachodniopomorskie"
"14885","Zadaraka"
"29776","Zaghouan"
"26027","Zagorje Ob Savi"
"11769","Zagrebacka"
"28601","Zaire"
"29192","Zajas"
"29552","Zajecarski Okrug"
"12255","Zakarpats'Ka Oblast'"
"14854","Zakynthos"
"11791","Zala"
"28351","Zalaegerszeg"
"26029","Zalec"
"30069","Zalingei"
"12042","Zambales"
"25812","Zambezia"
"518","Zambia"
"9062","Zambia"
"24288","Zamboanga Del Norte"
"24287","Zamboanga Del Sur"
"28308","Zamboanga Sibugay"
"25865","Zamfara"
"24003","Zamora"
"24940","Zamora-Chinchipe"
"11853","Zanjan"
"28922","Zanzan"
"29819","Zanzibar North"
"29833","Zanzibar South"
"26072","Zanzibar West"
"25945","Zapadnobacki Okrug"
"11661","Zapadocesky Kraj"
"12257","Zaporiz'Ka Oblast'"
"30383","Zaqatala"
"11469","Zaragoza"
"30331","Zardab"
"29910","Zavrc"
"29589","Zebbug Ghawdex"
"29590","Zebbug Malta"
"12619","Zeeland"
"29591","Zejtun"
"29187","Zelenikovo"
"26028","Zelezniki"
"29180","Zelino"
"30382","Zengilan"
"29959","Zetale"
"25664","Zhambyl Oblysy"
"10705","Zhejiang"
"28888","Zhemgang"
"12258","Zhytomyrs'Ka Oblast'"
"25924","Ziguinchor"
"25975","Zilinsky Kraj"
"29430","Zilupes Novads"
"9064","Zimbabwe"
"372","Zimbabwe"
"29686","Zinder"
"29916","Ziri"
"29961","Zirovnica"
"29553","Zlatiborski Okrug"
"25019","Zlinsky Kraj"
"11053","Zonguldak"
"28660","Zou"
"29915","Zrece"
"29290","Zrnovci"
"29721","Zufar"
"10187","Zug"
"3906","Zuid-Holland"
"11482","Zulia"
"10188","Zurich"
"29592","Zurrieq"
"29963","Zuzemberk"
